inspection_date,canonical,status,detail,request_action,source
2026-09-14T01:42:28.476Z,https://thechoicervoicer.me/announcer-voice-exercises/,indexed,URL is on Google,not-needed,historical indexing-assistant/evidence-v2.json; imported 2026-10-02
2026-09-10T03:05:36.541Z,https://thechoicervoicer.me/audiobook-narration-exercises/,indexed,URL is on Google,not-needed,historical indexing-assistant/evidence-v2.json; imported 2026-10-02
2026-09-14T01:42:22.749Z,https://thechoicervoicer.me/corporate-narration-exercises/,indexed,URL is on Google,not-needed,historical indexing-assistant/evidence-v2.json; imported 2026-10-02
2026-09-13T01:27:57.367Z,https://thechoicervoicer.me/documentary-narration-exercises/,indexed,URL is on Google,not-needed,historical indexing-assistant/evidence-v2.json; imported 2026-10-02
2026-09-13T01:27:53.134Z,https://thechoicervoicer.me/explainer-video-voice-over-exercises/,indexed,URL is on Google,not-needed,historical indexing-assistant/evidence-v2.json; imported 2026-10-02
2026-09-13T01:27:50.950Z,https://thechoicervoicer.me/medical-voice-over-exercises/,indexed,URL is on Google,not-needed,historical indexing-assistant/evidence-v2.json; imported 2026-10-02
2026-09-14T01:42:35.656Z,https://thechoicervoicer.me/podcast-voice-exercises/,indexed,URL is on Google,not-needed,historical indexing-assistant/evidence-v2.json; imported 2026-10-02
2026-09-14T01:42:48.022Z,https://thechoicervoicer.me/radio-drama-voice-acting-exercises/,indexed,URL is on Google,not-needed,historical indexing-assistant/evidence-v2.json; imported 2026-10-02
2026-09-13T01:27:59.504Z,https://thechoicervoicer.me/sports-commentary-voice-exercises/,indexed,URL is on Google,not-needed,historical indexing-assistant/evidence-v2.json; imported 2026-10-02
2026-09-13T01:27:55.231Z,https://thechoicervoicer.me/video-game-voice-acting-exercises/,indexed,URL is on Google,not-needed,historical indexing-assistant/evidence-v2.json; imported 2026-10-02
2026-09-11T01:40:36.605Z,https://thechoicervoicer.me/voice-acting-character-relationship-exercises/,indexed,URL is on Google,not-needed,historical indexing-assistant/evidence-v2.json; imported 2026-10-02
2026-09-10T03:05:33.133Z,https://thechoicervoicer.me/voice-acting-character-switching-exercises/,indexed,URL is on Google,not-needed,historical indexing-assistant/evidence-v2.json; imported 2026-10-02
2026-09-10T03:05:30.663Z,https://thechoicervoicer.me/voice-acting-comedy-timing-exercises/,indexed,URL is on Google,not-needed,historical indexing-assistant/evidence-v2.json; imported 2026-10-02
2026-09-11T01:40:40.704Z,https://thechoicervoicer.me/voice-acting-effort-sounds-exercises/,indexed,URL is on Google,not-needed,historical indexing-assistant/evidence-v2.json; imported 2026-10-02
2026-09-11T01:40:34.518Z,https://thechoicervoicer.me/voice-acting-memory-exercises/,indexed,URL is on Google,not-needed,historical indexing-assistant/evidence-v2.json; imported 2026-10-02
2026-09-14T01:42:40.565Z,https://thechoicervoicer.me/voice-acting-mouth-noise-exercises/,indexed,URL is on Google,not-needed,historical indexing-assistant/evidence-v2.json; imported 2026-10-02
2026-09-10T03:05:25.650Z,https://thechoicervoicer.me/voice-acting-physicality-exercises/,indexed,URL is on Google,not-needed,historical indexing-assistant/evidence-v2.json; imported 2026-10-02
2026-09-11T01:40:38.635Z,https://thechoicervoicer.me/voice-acting-reaction-exercises/,indexed,URL is on Google,not-needed,historical indexing-assistant/evidence-v2.json; imported 2026-10-02
2026-09-11T01:40:32.067Z,https://thechoicervoicer.me/voice-acting-status-exercises/,indexed,URL is on Google,not-needed,historical indexing-assistant/evidence-v2.json; imported 2026-10-02
2026-09-10T03:05:28.200Z,https://thechoicervoicer.me/voice-acting-visualization-exercises/,indexed,URL is on Google,not-needed,historical indexing-assistant/evidence-v2.json; imported 2026-10-02
2026-09-14T01:42:31.317Z,https://thechoicervoicer.me/zh/announcer-voice-exercises/,indexed,URL is on Google,not-needed,historical indexing-assistant/evidence-v2.json; imported 2026-10-02
2026-09-14T01:42:25.968Z,https://thechoicervoicer.me/zh/corporate-narration-exercises/,indexed,URL is on Google,not-needed,historical indexing-assistant/evidence-v2.json; imported 2026-10-02
2026-09-13T01:28:08.814Z,https://thechoicervoicer.me/zh/documentary-narration-exercises/,indexed,URL is on Google,not-needed,historical indexing-assistant/evidence-v2.json; imported 2026-10-02
2026-09-13T01:28:04.583Z,https://thechoicervoicer.me/zh/explainer-video-voice-over-exercises/,indexed,URL is on Google,not-needed,historical indexing-assistant/evidence-v2.json; imported 2026-10-02
2026-09-13T01:28:02.234Z,https://thechoicervoicer.me/zh/medical-voice-over-exercises/,indexed,URL is on Google,not-needed,historical indexing-assistant/evidence-v2.json; imported 2026-10-02
2026-09-14T01:42:38.173Z,https://thechoicervoicer.me/zh/podcast-voice-exercises/,indexed,URL is on Google,not-needed,historical indexing-assistant/evidence-v2.json; imported 2026-10-02
2026-09-14T01:42:50.936Z,https://thechoicervoicer.me/zh/radio-drama-voice-acting-exercises/,indexed,URL is on Google,not-needed,historical indexing-assistant/evidence-v2.json; imported 2026-10-02
2026-09-13T01:28:11.066Z,https://thechoicervoicer.me/zh/sports-commentary-voice-exercises/,indexed,URL is on Google,not-needed,historical indexing-assistant/evidence-v2.json; imported 2026-10-02
2026-09-13T01:28:06.723Z,https://thechoicervoicer.me/zh/video-game-voice-acting-exercises/,indexed,URL is on Google,not-needed,historical indexing-assistant/evidence-v2.json; imported 2026-10-02
2026-09-14T01:42:43.171Z,https://thechoicervoicer.me/zh/voice-acting-mouth-noise-exercises/,indexed,URL is on Google,not-needed,historical indexing-assistant/evidence-v2.json; imported 2026-10-02
2026-10-02T13:36:03.939Z,https://thechoicervoicer.me/trailer-narration-exercises/,timeout,GSC 未进入精确 URL 检查路由,not-issued; inspection route failed,indexing-assistant results/thechoicervoicer-20261002-15-gsc-urls-v1.json
2026-10-02T14:12:44.182Z,https://thechoicervoicer.me/trailer-narration-exercises/,timeout,GSC 未进入精确 URL 检查路由,not-issued; inspection route failed,indexing-assistant results/thechoicervoicer-20261002-15-gsc-urls-v1.retry-1.json
2026-10-02T14:51:02.943Z,https://thechoicervoicer.me/trailer-narration-exercises/,timeout,GSC 未进入精确 URL 检查路由,not-issued; inspection route failed,indexing-assistant results/thechoicervoicer-20261002-15-gsc-urls-v1.retry-2.json
