canonical,locale,live_state,gsc_request_status,request_confirmed_date,google_index_status,google_evidence_date,last_gsc_attempt_date,recorded_attempt_count,last_result_or_error,next_retry_date,evidence_source,last_reconciled_date
https://thechoicervoicer.me/adr-voice-acting-exercises/,en,sitemap-listed-before-task,no-success-receipt,,unknown,,,0,"No explicit GSC per-URL receipt; helper capability batch queued, attempts=0",2026-10-03,,2026-10-02
https://thechoicervoicer.me/alternatives/,en,sitemap-listed-before-task,no-success-receipt,,unknown,,,0,"No explicit GSC per-URL receipt; helper capability batch queued, attempts=0",2026-10-03,,2026-10-02
https://thechoicervoicer.me/announcer-voice-exercises/,en,sitemap-listed-before-task,already-indexed,,indexed,2026-09-14T01:42:28.476Z,2026-09-14T01:42:28.476Z,0,URL is on Google,,"indexing-assistant/evidence-v2.json; original authenticated GSC outcome, historical",2026-10-02
https://thechoicervoicer.me/app/,en,sitemap-listed-before-task,no-success-receipt,,unknown,,,0,"No explicit GSC per-URL receipt; helper capability batch queued, attempts=0",2026-10-03,,2026-10-02
https://thechoicervoicer.me/articulation-exercises-for-voice-acting/,en,sitemap-listed-before-task,no-success-receipt,,unknown,,,0,"No explicit GSC per-URL receipt; helper capability batch queued, attempts=0",2026-10-03,,2026-10-02
https://thechoicervoicer.me/audio-description-voice-over-exercises/,en,production-verified-200,no-success-receipt,,unknown,,,0,GSC URL batch queued / attempts=0; no actual inspection or request confirmation,2026-10-03,production-source-audit-20261002-v4.json; thechoicervoicer-20261002-15-gsc-urls-v1,2026-10-02
https://thechoicervoicer.me/audiobook-narration-exercises/,en,sitemap-listed-before-task,already-indexed,,indexed,2026-09-10T03:05:36.541Z,2026-09-10T03:05:36.541Z,0,URL is on Google,,"indexing-assistant/evidence-v2.json; original authenticated GSC outcome, historical",2026-10-02
https://thechoicervoicer.me/breath-control-exercises-for-voice-acting/,en,sitemap-listed-before-task,no-success-receipt,,unknown,,,0,"No explicit GSC per-URL receipt; helper capability batch queued, attempts=0",2026-10-03,,2026-10-02
https://thechoicervoicer.me/character-voice-exercises/,en,sitemap-listed-before-task,no-success-receipt,,unknown,,,0,"No explicit GSC per-URL receipt; helper capability batch queued, attempts=0",2026-10-03,,2026-10-02
https://thechoicervoicer.me/commercial-voice-acting-exercises/,en,sitemap-listed-before-task,no-success-receipt,,unknown,,,0,"No explicit GSC per-URL receipt; helper capability batch queued, attempts=0",2026-10-03,,2026-10-02
https://thechoicervoicer.me/corporate-narration-exercises/,en,sitemap-listed-before-task,already-indexed,,indexed,2026-09-14T01:42:22.749Z,2026-09-14T01:42:22.749Z,0,URL is on Google,,"indexing-assistant/evidence-v2.json; original authenticated GSC outcome, historical",2026-10-02
https://thechoicervoicer.me/documentary-narration-exercises/,en,sitemap-listed-before-task,already-indexed,,indexed,2026-09-13T01:27:57.367Z,2026-09-13T01:27:57.367Z,0,URL is on Google,,"indexing-assistant/evidence-v2.json; original authenticated GSC outcome, historical",2026-10-02
https://thechoicervoicer.me/e-learning-narration-exercises/,en,sitemap-listed-before-task,no-success-receipt,,unknown,,,0,"No explicit GSC per-URL receipt; helper capability batch queued, attempts=0",2026-10-03,,2026-10-02
https://thechoicervoicer.me/emotional-voice-acting-exercises/,en,sitemap-listed-before-task,no-success-receipt,,unknown,,,0,"No explicit GSC per-URL receipt; helper capability batch queued, attempts=0",2026-10-03,,2026-10-02
https://thechoicervoicer.me/explainer-video-voice-over-exercises/,en,sitemap-listed-before-task,already-indexed,,indexed,2026-09-13T01:27:53.134Z,2026-09-13T01:27:53.134Z,0,URL is on Google,,"indexing-assistant/evidence-v2.json; original authenticated GSC outcome, historical",2026-10-02
https://thechoicervoicer.me/gameplay/,en,sitemap-listed-before-task,no-success-receipt,,unknown,,,0,"No explicit GSC per-URL receipt; helper capability batch queued, attempts=0",2026-10-03,,2026-10-02
https://thechoicervoicer.me/games/,en,sitemap-listed-before-task,no-success-receipt,,unknown,,,0,"No explicit GSC per-URL receipt; helper capability batch queued, attempts=0",2026-10-03,,2026-10-02
https://thechoicervoicer.me/guided-meditation-voice-exercises/,en,production-verified-200,no-success-receipt,,unknown,,,0,GSC URL batch queued / attempts=0; no actual inspection or request confirmation,2026-10-03,production-source-audit-20261002-v4.json; thechoicervoicer-20261002-15-gsc-urls-v1,2026-10-02
https://thechoicervoicer.me/how-to-play/,en,sitemap-listed-before-task,no-success-receipt,,unknown,,,0,"No explicit GSC per-URL receipt; helper capability batch queued, attempts=0",2026-10-03,,2026-10-02
https://thechoicervoicer.me/is-it-safe/,en,sitemap-listed-before-task,no-success-receipt,,unknown,,,0,"No explicit GSC per-URL receipt; helper capability batch queued, attempts=0",2026-10-03,,2026-10-02
https://thechoicervoicer.me/ivr-voice-over-exercises/,en,production-verified-200,no-success-receipt,,unknown,,,0,GSC URL batch queued / attempts=0; no actual inspection or request confirmation,2026-10-03,production-source-audit-20261002-v4.json; thechoicervoicer-20261002-15-gsc-urls-v1,2026-10-02
https://thechoicervoicer.me/medical-voice-over-exercises/,en,sitemap-listed-before-task,already-indexed,,indexed,2026-09-13T01:27:50.950Z,2026-09-13T01:27:50.950Z,0,URL is on Google,,"indexing-assistant/evidence-v2.json; original authenticated GSC outcome, historical",2026-10-02
https://thechoicervoicer.me/microphone-not-working/,en,sitemap-listed-before-task,no-success-receipt,,unknown,,,0,"No explicit GSC per-URL receipt; helper capability batch queued, attempts=0",2026-10-03,,2026-10-02
https://thechoicervoicer.me/mobile/,en,sitemap-listed-before-task,no-success-receipt,,unknown,,,0,"No explicit GSC per-URL receipt; helper capability batch queued, attempts=0",2026-10-03,,2026-10-02
https://thechoicervoicer.me/multiplayer/,en,sitemap-listed-before-task,no-success-receipt,,unknown,,,0,"No explicit GSC per-URL receipt; helper capability batch queued, attempts=0",2026-10-03,,2026-10-02
https://thechoicervoicer.me/museum-audio-guide-narration-exercises/,en,production-verified-200,no-success-receipt,,unknown,,,0,GSC URL batch queued / attempts=0; no actual inspection or request confirmation,2026-10-03,production-source-audit-20261002-v4.json; thechoicervoicer-20261002-15-gsc-urls-v1,2026-10-02
https://thechoicervoicer.me/news-reading-voice-exercises/,en,production-verified-200,no-success-receipt,,unknown,,,0,GSC URL batch queued / attempts=0; no actual inspection or request confirmation,2026-10-03,production-source-audit-20261002-v4.json; thechoicervoicer-20261002-15-gsc-urls-v1,2026-10-02
https://thechoicervoicer.me/pitch-matching-exercises/,en,sitemap-listed-before-task,no-success-receipt,,unknown,,,0,"No explicit GSC per-URL receipt; helper capability batch queued, attempts=0",2026-10-03,,2026-10-02
https://thechoicervoicer.me/podcast-voice-exercises/,en,sitemap-listed-before-task,already-indexed,,indexed,2026-09-14T01:42:35.656Z,2026-09-14T01:42:35.656Z,0,URL is on Google,,"indexing-assistant/evidence-v2.json; original authenticated GSC outcome, historical",2026-10-02
https://thechoicervoicer.me/poetry-reading-voice-exercises/,en,production-verified-200,no-success-receipt,,unknown,,,0,GSC URL batch queued / attempts=0; no actual inspection or request confirmation,2026-10-03,production-source-audit-20261002-v4.json; thechoicervoicer-20261002-15-gsc-urls-v1,2026-10-02
https://thechoicervoicer.me/puppet-voice-acting-exercises/,en,production-verified-200,no-success-receipt,,unknown,,,0,GSC URL batch queued / attempts=0; no actual inspection or request confirmation,2026-10-03,production-source-audit-20261002-v4.json; thechoicervoicer-20261002-15-gsc-urls-v1,2026-10-02
https://thechoicervoicer.me/radio-drama-voice-acting-exercises/,en,sitemap-listed-before-task,already-indexed,,indexed,2026-09-14T01:42:48.022Z,2026-09-14T01:42:48.022Z,0,URL is on Google,,"indexing-assistant/evidence-v2.json; original authenticated GSC outcome, historical",2026-10-02
https://thechoicervoicer.me/sports-commentary-voice-exercises/,en,sitemap-listed-before-task,already-indexed,,indexed,2026-09-13T01:27:59.504Z,2026-09-13T01:27:59.504Z,0,URL is on Google,,"indexing-assistant/evidence-v2.json; original authenticated GSC outcome, historical",2026-10-02
https://thechoicervoicer.me/storytelling-voice-exercises/,en,production-verified-200,no-success-receipt,,unknown,,,0,GSC URL batch queued / attempts=0; no actual inspection or request confirmation,2026-10-03,production-source-audit-20261002-v4.json; thechoicervoicer-20261002-15-gsc-urls-v1,2026-10-02
https://thechoicervoicer.me/telephone-acting-exercises/,en,production-verified-200,no-success-receipt,,unknown,,,0,GSC URL batch queued / attempts=0; no actual inspection or request confirmation,2026-10-03,production-source-audit-20261002-v4.json; thechoicervoicer-20261002-15-gsc-urls-v1,2026-10-02
https://thechoicervoicer.me/tour-guide-voice-exercises/,en,production-verified-200,no-success-receipt,,unknown,,,0,GSC URL batch queued / attempts=0; no actual inspection or request confirmation,2026-10-03,production-source-audit-20261002-v4.json; thechoicervoicer-20261002-15-gsc-urls-v1,2026-10-02
https://thechoicervoicer.me/trailer-narration-exercises/,en,production-verified-200,needs-recheck,,unknown,,2026-10-02T15:10:51.674Z,4,GSC 未进入精确 URL 检查路由; batch thechoicervoicer-20261002-15-gsc-urls-v1.retry-3,2026-10-03,docs/seo/external-checks-2026-10-02.json,2026-10-04
https://thechoicervoicer.me/video-game-voice-acting-exercises/,en,sitemap-listed-before-task,already-indexed,,indexed,2026-09-13T01:27:55.231Z,2026-09-13T01:27:55.231Z,0,URL is on Google,,"indexing-assistant/evidence-v2.json; original authenticated GSC outcome, historical",2026-10-02
https://thechoicervoicer.me/vocal-cooldown-exercises/,en,sitemap-listed-before-task,no-success-receipt,,unknown,,,0,"No explicit GSC per-URL receipt; helper capability batch queued, attempts=0",2026-10-03,,2026-10-02
https://thechoicervoicer.me/vocal-timing-exercises/,en,sitemap-listed-before-task,no-success-receipt,,unknown,,,0,"No explicit GSC per-URL receipt; helper capability batch queued, attempts=0",2026-10-03,,2026-10-02
https://thechoicervoicer.me/voice-acting-accent-exercises/,en,sitemap-listed-before-task,no-success-receipt,,unknown,,,0,"No explicit GSC per-URL receipt; helper capability batch queued, attempts=0",2026-10-03,,2026-10-02
https://thechoicervoicer.me/voice-acting-audition-exercises/,en,sitemap-listed-before-task,no-success-receipt,,unknown,,,0,"No explicit GSC per-URL receipt; helper capability batch queued, attempts=0",2026-10-03,,2026-10-02
https://thechoicervoicer.me/voice-acting-character-relationship-exercises/,en,sitemap-listed-before-task,already-indexed,,indexed,2026-09-11T01:40:36.605Z,2026-09-11T01:40:36.605Z,0,URL is on Google,,"indexing-assistant/evidence-v2.json; original authenticated GSC outcome, historical",2026-10-02
https://thechoicervoicer.me/voice-acting-character-switching-exercises/,en,sitemap-listed-before-task,already-indexed,,indexed,2026-09-10T03:05:33.133Z,2026-09-10T03:05:33.133Z,0,URL is on Google,,"indexing-assistant/evidence-v2.json; original authenticated GSC outcome, historical",2026-10-02
https://thechoicervoicer.me/voice-acting-cold-reading-exercises/,en,sitemap-listed-before-task,no-success-receipt,,unknown,,,0,"No explicit GSC per-URL receipt; helper capability batch queued, attempts=0",2026-10-03,,2026-10-02
https://thechoicervoicer.me/voice-acting-comedy-timing-exercises/,en,sitemap-listed-before-task,already-indexed,,indexed,2026-09-10T03:05:30.663Z,2026-09-10T03:05:30.663Z,0,URL is on Google,,"indexing-assistant/evidence-v2.json; original authenticated GSC outcome, historical",2026-10-02
https://thechoicervoicer.me/voice-acting-effort-sounds-exercises/,en,sitemap-listed-before-task,already-indexed,,indexed,2026-09-11T01:40:40.704Z,2026-09-11T01:40:40.704Z,0,URL is on Google,,"indexing-assistant/evidence-v2.json; original authenticated GSC outcome, historical",2026-10-02
https://thechoicervoicer.me/voice-acting-improv-exercises/,en,sitemap-listed-before-task,no-success-receipt,,unknown,,,0,"No explicit GSC per-URL receipt; helper capability batch queued, attempts=0",2026-10-03,,2026-10-02
https://thechoicervoicer.me/voice-acting-line-delivery-exercises/,en,sitemap-listed-before-task,no-success-receipt,,unknown,,,0,"No explicit GSC per-URL receipt; helper capability batch queued, attempts=0",2026-10-03,,2026-10-02
https://thechoicervoicer.me/voice-acting-listening-exercises/,en,sitemap-listed-before-task,no-success-receipt,,unknown,,,0,"No explicit GSC per-URL receipt; helper capability batch queued, attempts=0",2026-10-03,,2026-10-02
https://thechoicervoicer.me/voice-acting-memory-exercises/,en,sitemap-listed-before-task,already-indexed,,indexed,2026-09-11T01:40:34.518Z,2026-09-11T01:40:34.518Z,0,URL is on Google,,"indexing-assistant/evidence-v2.json; original authenticated GSC outcome, historical",2026-10-02
https://thechoicervoicer.me/voice-acting-microphone-technique/,en,sitemap-listed-before-task,no-success-receipt,,unknown,,,0,"No explicit GSC per-URL receipt; helper capability batch queued, attempts=0",2026-10-03,,2026-10-02
https://thechoicervoicer.me/voice-acting-mouth-noise-exercises/,en,sitemap-listed-before-task,already-indexed,,indexed,2026-09-14T01:42:40.565Z,2026-09-14T01:42:40.565Z,0,URL is on Google,,"indexing-assistant/evidence-v2.json; original authenticated GSC outcome, historical",2026-10-02
https://thechoicervoicer.me/voice-acting-objective-exercises/,en,sitemap-listed-before-task,no-success-receipt,,unknown,,,0,"No explicit GSC per-URL receipt; helper capability batch queued, attempts=0",2026-10-03,,2026-10-02
https://thechoicervoicer.me/voice-acting-physicality-exercises/,en,sitemap-listed-before-task,already-indexed,,indexed,2026-09-10T03:05:25.650Z,2026-09-10T03:05:25.650Z,0,URL is on Google,,"indexing-assistant/evidence-v2.json; original authenticated GSC outcome, historical",2026-10-02
https://thechoicervoicer.me/voice-acting-plosive-exercises/,en,production-verified-200,no-success-receipt,,unknown,,,0,GSC URL batch queued / attempts=0; no actual inspection or request confirmation,2026-10-03,production-source-audit-20261002-v4.json; thechoicervoicer-20261002-15-gsc-urls-v1,2026-10-02
https://thechoicervoicer.me/voice-acting-practice-scripts/,en,sitemap-listed-before-task,no-success-receipt,,unknown,,,0,"No explicit GSC per-URL receipt; helper capability batch queued, attempts=0",2026-10-03,,2026-10-02
https://thechoicervoicer.me/voice-acting-reaction-exercises/,en,sitemap-listed-before-task,already-indexed,,indexed,2026-09-11T01:40:38.635Z,2026-09-11T01:40:38.635Z,0,URL is on Google,,"indexing-assistant/evidence-v2.json; original authenticated GSC outcome, historical",2026-10-02
https://thechoicervoicer.me/voice-acting-script-analysis/,en,sitemap-listed-before-task,no-success-receipt,,unknown,,,0,"No explicit GSC per-URL receipt; helper capability batch queued, attempts=0",2026-10-03,,2026-10-02
https://thechoicervoicer.me/voice-acting-self-critique/,en,sitemap-listed-before-task,no-success-receipt,,unknown,,,0,"No explicit GSC per-URL receipt; helper capability batch queued, attempts=0",2026-10-03,,2026-10-02
https://thechoicervoicer.me/voice-acting-sibilance-exercises/,en,production-verified-200,no-success-receipt,,unknown,,,0,GSC URL batch queued / attempts=0; no actual inspection or request confirmation,2026-10-03,production-source-audit-20261002-v4.json; thechoicervoicer-20261002-15-gsc-urls-v1,2026-10-02
https://thechoicervoicer.me/voice-acting-stakes-exercises/,en,sitemap-listed-before-task,no-success-receipt,,unknown,,,0,"No explicit GSC per-URL receipt; helper capability batch queued, attempts=0",2026-10-03,,2026-10-02
https://thechoicervoicer.me/voice-acting-status-exercises/,en,sitemap-listed-before-task,already-indexed,,indexed,2026-09-11T01:40:32.067Z,2026-09-11T01:40:32.067Z,0,URL is on Google,,"indexing-assistant/evidence-v2.json; original authenticated GSC outcome, historical",2026-10-02
https://thechoicervoicer.me/voice-acting-subtext-exercises/,en,sitemap-listed-before-task,no-success-receipt,,unknown,,,0,"No explicit GSC per-URL receipt; helper capability batch queued, attempts=0",2026-10-03,,2026-10-02
https://thechoicervoicer.me/voice-acting-taking-direction-exercises/,en,sitemap-listed-before-task,no-success-receipt,,unknown,,,0,"No explicit GSC per-URL receipt; helper capability batch queued, attempts=0",2026-10-03,,2026-10-02
https://thechoicervoicer.me/voice-acting-visualization-exercises/,en,sitemap-listed-before-task,already-indexed,,indexed,2026-09-10T03:05:28.200Z,2026-09-10T03:05:28.200Z,0,URL is on Google,,"indexing-assistant/evidence-v2.json; original authenticated GSC outcome, historical",2026-10-02
https://thechoicervoicer.me/voice-acting-vocal-stamina-exercises/,en,sitemap-listed-before-task,no-success-receipt,,unknown,,,0,"No explicit GSC per-URL receipt; helper capability batch queued, attempts=0",2026-10-03,,2026-10-02
https://thechoicervoicer.me/voice-acting-warm-ups/,en,sitemap-listed-before-task,no-success-receipt,,unknown,,,0,"No explicit GSC per-URL receipt; helper capability batch queued, attempts=0",2026-10-03,,2026-10-02
https://thechoicervoicer.me/voice-games-for-parties/,en,sitemap-listed-before-task,no-success-receipt,,unknown,,,0,"No explicit GSC per-URL receipt; helper capability batch queued, attempts=0",2026-10-03,,2026-10-02
https://thechoicervoicer.me/voice-imitation-exercises/,en,sitemap-listed-before-task,no-success-receipt,,unknown,,,0,"No explicit GSC per-URL receipt; helper capability batch queued, attempts=0",2026-10-03,,2026-10-02
https://thechoicervoicer.me/voice-modulation-exercises/,en,sitemap-listed-before-task,no-success-receipt,,unknown,,,0,"No explicit GSC per-URL receipt; helper capability batch queued, attempts=0",2026-10-03,,2026-10-02
https://thechoicervoicer.me/voice-over-pickup-exercises/,en,production-verified-200,no-success-receipt,,unknown,,,0,GSC URL batch queued / attempts=0; no actual inspection or request confirmation,2026-10-03,production-source-audit-20261002-v4.json; thechoicervoicer-20261002-15-gsc-urls-v1,2026-10-02
https://thechoicervoicer.me/voice-packs/,en,sitemap-listed-before-task,no-success-receipt,,unknown,,,0,"No explicit GSC per-URL receipt; helper capability batch queued, attempts=0",2026-10-03,,2026-10-02
https://thechoicervoicer.me/voice-projection-exercises/,en,sitemap-listed-before-task,no-success-receipt,,unknown,,,0,"No explicit GSC per-URL receipt; helper capability batch queued, attempts=0",2026-10-03,,2026-10-02
https://thechoicervoicer.me/voicemail-greeting-voice-exercises/,en,production-verified-200,no-success-receipt,,unknown,,,0,GSC URL batch queued / attempts=0; no actual inspection or request confirmation,2026-10-03,production-source-audit-20261002-v4.json; thechoicervoicer-20261002-15-gsc-urls-v1,2026-10-02
https://thechoicervoicer.me/zh/adr-voice-acting-exercises/,zh-Hans,sitemap-listed-before-task,no-success-receipt,,unknown,,,0,"No explicit GSC per-URL receipt; helper capability batch queued, attempts=0",2026-10-03,,2026-10-02
https://thechoicervoicer.me/zh/alternatives/,zh-Hans,sitemap-listed-before-task,no-success-receipt,,unknown,,,0,"No explicit GSC per-URL receipt; helper capability batch queued, attempts=0",2026-10-03,,2026-10-02
https://thechoicervoicer.me/zh/announcer-voice-exercises/,zh-Hans,sitemap-listed-before-task,already-indexed,,indexed,2026-09-14T01:42:31.317Z,2026-09-14T01:42:31.317Z,0,URL is on Google,,"indexing-assistant/evidence-v2.json; original authenticated GSC outcome, historical",2026-10-02
https://thechoicervoicer.me/zh/app/,zh-Hans,sitemap-listed-before-task,no-success-receipt,,unknown,,,0,"No explicit GSC per-URL receipt; helper capability batch queued, attempts=0",2026-10-03,,2026-10-02
https://thechoicervoicer.me/zh/articulation-exercises-for-voice-acting/,zh-Hans,sitemap-listed-before-task,no-success-receipt,,unknown,,,0,"No explicit GSC per-URL receipt; helper capability batch queued, attempts=0",2026-10-03,,2026-10-02
https://thechoicervoicer.me/zh/audio-description-voice-over-exercises/,zh-Hans,production-verified-200,no-success-receipt,,unknown,,,0,GSC URL batch queued / attempts=0; no actual inspection or request confirmation,2026-10-03,production-source-audit-20261002-v4.json; thechoicervoicer-20261002-15-gsc-urls-v1,2026-10-02
https://thechoicervoicer.me/zh/audiobook-narration-exercises/,zh-Hans,sitemap-listed-before-task,no-success-receipt,,unknown,,,0,"No explicit GSC per-URL receipt; helper capability batch queued, attempts=0",2026-10-03,,2026-10-02
https://thechoicervoicer.me/zh/breath-control-exercises-for-voice-acting/,zh-Hans,sitemap-listed-before-task,no-success-receipt,,unknown,,,0,"No explicit GSC per-URL receipt; helper capability batch queued, attempts=0",2026-10-03,,2026-10-02
https://thechoicervoicer.me/zh/character-voice-exercises/,zh-Hans,sitemap-listed-before-task,no-success-receipt,,unknown,,,0,"No explicit GSC per-URL receipt; helper capability batch queued, attempts=0",2026-10-03,,2026-10-02
https://thechoicervoicer.me/zh/commercial-voice-acting-exercises/,zh-Hans,sitemap-listed-before-task,no-success-receipt,,unknown,,,0,"No explicit GSC per-URL receipt; helper capability batch queued, attempts=0",2026-10-03,,2026-10-02
https://thechoicervoicer.me/zh/corporate-narration-exercises/,zh-Hans,sitemap-listed-before-task,already-indexed,,indexed,2026-09-14T01:42:25.968Z,2026-09-14T01:42:25.968Z,0,URL is on Google,,"indexing-assistant/evidence-v2.json; original authenticated GSC outcome, historical",2026-10-02
https://thechoicervoicer.me/zh/documentary-narration-exercises/,zh-Hans,sitemap-listed-before-task,already-indexed,,indexed,2026-09-13T01:28:08.814Z,2026-09-13T01:28:08.814Z,0,URL is on Google,,"indexing-assistant/evidence-v2.json; original authenticated GSC outcome, historical",2026-10-02
https://thechoicervoicer.me/zh/e-learning-narration-exercises/,zh-Hans,sitemap-listed-before-task,no-success-receipt,,unknown,,,0,"No explicit GSC per-URL receipt; helper capability batch queued, attempts=0",2026-10-03,,2026-10-02
https://thechoicervoicer.me/zh/emotional-voice-acting-exercises/,zh-Hans,sitemap-listed-before-task,no-success-receipt,,unknown,,,0,"No explicit GSC per-URL receipt; helper capability batch queued, attempts=0",2026-10-03,,2026-10-02
https://thechoicervoicer.me/zh/explainer-video-voice-over-exercises/,zh-Hans,sitemap-listed-before-task,already-indexed,,indexed,2026-09-13T01:28:04.583Z,2026-09-13T01:28:04.583Z,0,URL is on Google,,"indexing-assistant/evidence-v2.json; original authenticated GSC outcome, historical",2026-10-02
https://thechoicervoicer.me/zh/gameplay/,zh-Hans,sitemap-listed-before-task,no-success-receipt,,unknown,,,0,"No explicit GSC per-URL receipt; helper capability batch queued, attempts=0",2026-10-03,,2026-10-02
https://thechoicervoicer.me/zh/games/,zh-Hans,sitemap-listed-before-task,no-success-receipt,,unknown,,,0,"No explicit GSC per-URL receipt; helper capability batch queued, attempts=0",2026-10-03,,2026-10-02
https://thechoicervoicer.me/zh/guided-meditation-voice-exercises/,zh-Hans,production-verified-200,no-success-receipt,,unknown,,,0,GSC URL batch queued / attempts=0; no actual inspection or request confirmation,2026-10-03,production-source-audit-20261002-v4.json; thechoicervoicer-20261002-15-gsc-urls-v1,2026-10-02
https://thechoicervoicer.me/zh/how-to-play/,zh-Hans,sitemap-listed-before-task,no-success-receipt,,unknown,,,0,"No explicit GSC per-URL receipt; helper capability batch queued, attempts=0",2026-10-03,,2026-10-02
https://thechoicervoicer.me/zh/is-it-safe/,zh-Hans,sitemap-listed-before-task,no-success-receipt,,unknown,,,0,"No explicit GSC per-URL receipt; helper capability batch queued, attempts=0",2026-10-03,,2026-10-02
https://thechoicervoicer.me/zh/ivr-voice-over-exercises/,zh-Hans,production-verified-200,no-success-receipt,,unknown,,,0,GSC URL batch queued / attempts=0; no actual inspection or request confirmation,2026-10-03,production-source-audit-20261002-v4.json; thechoicervoicer-20261002-15-gsc-urls-v1,2026-10-02
https://thechoicervoicer.me/zh/medical-voice-over-exercises/,zh-Hans,sitemap-listed-before-task,already-indexed,,indexed,2026-09-13T01:28:02.234Z,2026-09-13T01:28:02.234Z,0,URL is on Google,,"indexing-assistant/evidence-v2.json; original authenticated GSC outcome, historical",2026-10-02
https://thechoicervoicer.me/zh/microphone-not-working/,zh-Hans,sitemap-listed-before-task,no-success-receipt,,unknown,,,0,"No explicit GSC per-URL receipt; helper capability batch queued, attempts=0",2026-10-03,,2026-10-02
https://thechoicervoicer.me/zh/mobile/,zh-Hans,sitemap-listed-before-task,no-success-receipt,,unknown,,,0,"No explicit GSC per-URL receipt; helper capability batch queued, attempts=0",2026-10-03,,2026-10-02
https://thechoicervoicer.me/zh/multiplayer/,zh-Hans,sitemap-listed-before-task,no-success-receipt,,unknown,,,0,"No explicit GSC per-URL receipt; helper capability batch queued, attempts=0",2026-10-03,,2026-10-02
https://thechoicervoicer.me/zh/museum-audio-guide-narration-exercises/,zh-Hans,production-verified-200,no-success-receipt,,unknown,,,0,GSC URL batch queued / attempts=0; no actual inspection or request confirmation,2026-10-03,production-source-audit-20261002-v4.json; thechoicervoicer-20261002-15-gsc-urls-v1,2026-10-02
https://thechoicervoicer.me/zh/news-reading-voice-exercises/,zh-Hans,production-verified-200,no-success-receipt,,unknown,,,0,GSC URL batch queued / attempts=0; no actual inspection or request confirmation,2026-10-03,production-source-audit-20261002-v4.json; thechoicervoicer-20261002-15-gsc-urls-v1,2026-10-02
https://thechoicervoicer.me/zh/pitch-matching-exercises/,zh-Hans,sitemap-listed-before-task,no-success-receipt,,unknown,,,0,"No explicit GSC per-URL receipt; helper capability batch queued, attempts=0",2026-10-03,,2026-10-02
https://thechoicervoicer.me/zh/podcast-voice-exercises/,zh-Hans,sitemap-listed-before-task,already-indexed,,indexed,2026-09-14T01:42:38.173Z,2026-09-14T01:42:38.173Z,0,URL is on Google,,"indexing-assistant/evidence-v2.json; original authenticated GSC outcome, historical",2026-10-02
https://thechoicervoicer.me/zh/poetry-reading-voice-exercises/,zh-Hans,production-verified-200,no-success-receipt,,unknown,,,0,GSC URL batch queued / attempts=0; no actual inspection or request confirmation,2026-10-03,production-source-audit-20261002-v4.json; thechoicervoicer-20261002-15-gsc-urls-v1,2026-10-02
https://thechoicervoicer.me/zh/puppet-voice-acting-exercises/,zh-Hans,production-verified-200,no-success-receipt,,unknown,,,0,GSC URL batch queued / attempts=0; no actual inspection or request confirmation,2026-10-03,production-source-audit-20261002-v4.json; thechoicervoicer-20261002-15-gsc-urls-v1,2026-10-02
https://thechoicervoicer.me/zh/radio-drama-voice-acting-exercises/,zh-Hans,sitemap-listed-before-task,already-indexed,,indexed,2026-09-14T01:42:50.936Z,2026-09-14T01:42:50.936Z,0,URL is on Google,,"indexing-assistant/evidence-v2.json; original authenticated GSC outcome, historical",2026-10-02
https://thechoicervoicer.me/zh/sports-commentary-voice-exercises/,zh-Hans,sitemap-listed-before-task,already-indexed,,indexed,2026-09-13T01:28:11.066Z,2026-09-13T01:28:11.066Z,0,URL is on Google,,"indexing-assistant/evidence-v2.json; original authenticated GSC outcome, historical",2026-10-02
https://thechoicervoicer.me/zh/storytelling-voice-exercises/,zh-Hans,production-verified-200,no-success-receipt,,unknown,,,0,GSC URL batch queued / attempts=0; no actual inspection or request confirmation,2026-10-03,production-source-audit-20261002-v4.json; thechoicervoicer-20261002-15-gsc-urls-v1,2026-10-02
https://thechoicervoicer.me/zh/telephone-acting-exercises/,zh-Hans,production-verified-200,no-success-receipt,,unknown,,,0,GSC URL batch queued / attempts=0; no actual inspection or request confirmation,2026-10-03,production-source-audit-20261002-v4.json; thechoicervoicer-20261002-15-gsc-urls-v1,2026-10-02
https://thechoicervoicer.me/zh/tour-guide-voice-exercises/,zh-Hans,production-verified-200,no-success-receipt,,unknown,,,0,GSC URL batch queued / attempts=0; no actual inspection or request confirmation,2026-10-03,production-source-audit-20261002-v4.json; thechoicervoicer-20261002-15-gsc-urls-v1,2026-10-02
https://thechoicervoicer.me/zh/trailer-narration-exercises/,zh-Hans,production-verified-200,no-success-receipt,,unknown,,,0,GSC URL batch queued / attempts=0; no actual inspection or request confirmation,2026-10-03,production-source-audit-20261002-v4.json; thechoicervoicer-20261002-15-gsc-urls-v1,2026-10-02
https://thechoicervoicer.me/zh/video-game-voice-acting-exercises/,zh-Hans,sitemap-listed-before-task,already-indexed,,indexed,2026-09-13T01:28:06.723Z,2026-09-13T01:28:06.723Z,0,URL is on Google,,"indexing-assistant/evidence-v2.json; original authenticated GSC outcome, historical",2026-10-02
https://thechoicervoicer.me/zh/vocal-cooldown-exercises/,zh-Hans,sitemap-listed-before-task,no-success-receipt,,unknown,,,0,"No explicit GSC per-URL receipt; helper capability batch queued, attempts=0",2026-10-03,,2026-10-02
https://thechoicervoicer.me/zh/vocal-timing-exercises/,zh-Hans,sitemap-listed-before-task,no-success-receipt,,unknown,,,0,"No explicit GSC per-URL receipt; helper capability batch queued, attempts=0",2026-10-03,,2026-10-02
https://thechoicervoicer.me/zh/voice-acting-accent-exercises/,zh-Hans,sitemap-listed-before-task,no-success-receipt,,unknown,,,0,"No explicit GSC per-URL receipt; helper capability batch queued, attempts=0",2026-10-03,,2026-10-02
https://thechoicervoicer.me/zh/voice-acting-audition-exercises/,zh-Hans,sitemap-listed-before-task,no-success-receipt,,unknown,,,0,"No explicit GSC per-URL receipt; helper capability batch queued, attempts=0",2026-10-03,,2026-10-02
https://thechoicervoicer.me/zh/voice-acting-character-relationship-exercises/,zh-Hans,sitemap-listed-before-task,no-success-receipt,,unknown,,,0,"No explicit GSC per-URL receipt; helper capability batch queued, attempts=0",2026-10-03,,2026-10-02
https://thechoicervoicer.me/zh/voice-acting-character-switching-exercises/,zh-Hans,sitemap-listed-before-task,no-success-receipt,,unknown,,,0,"No explicit GSC per-URL receipt; helper capability batch queued, attempts=0",2026-10-03,,2026-10-02
https://thechoicervoicer.me/zh/voice-acting-cold-reading-exercises/,zh-Hans,sitemap-listed-before-task,no-success-receipt,,unknown,,,0,"No explicit GSC per-URL receipt; helper capability batch queued, attempts=0",2026-10-03,,2026-10-02
https://thechoicervoicer.me/zh/voice-acting-comedy-timing-exercises/,zh-Hans,sitemap-listed-before-task,no-success-receipt,,unknown,,,0,"No explicit GSC per-URL receipt; helper capability batch queued, attempts=0",2026-10-03,,2026-10-02
https://thechoicervoicer.me/zh/voice-acting-effort-sounds-exercises/,zh-Hans,sitemap-listed-before-task,no-success-receipt,,unknown,,,0,"No explicit GSC per-URL receipt; helper capability batch queued, attempts=0",2026-10-03,,2026-10-02
https://thechoicervoicer.me/zh/voice-acting-improv-exercises/,zh-Hans,sitemap-listed-before-task,no-success-receipt,,unknown,,,0,"No explicit GSC per-URL receipt; helper capability batch queued, attempts=0",2026-10-03,,2026-10-02
https://thechoicervoicer.me/zh/voice-acting-line-delivery-exercises/,zh-Hans,sitemap-listed-before-task,no-success-receipt,,unknown,,,0,"No explicit GSC per-URL receipt; helper capability batch queued, attempts=0",2026-10-03,,2026-10-02
https://thechoicervoicer.me/zh/voice-acting-listening-exercises/,zh-Hans,sitemap-listed-before-task,no-success-receipt,,unknown,,,0,"No explicit GSC per-URL receipt; helper capability batch queued, attempts=0",2026-10-03,,2026-10-02
https://thechoicervoicer.me/zh/voice-acting-memory-exercises/,zh-Hans,sitemap-listed-before-task,no-success-receipt,,unknown,,,0,"No explicit GSC per-URL receipt; helper capability batch queued, attempts=0",2026-10-03,,2026-10-02
https://thechoicervoicer.me/zh/voice-acting-microphone-technique/,zh-Hans,sitemap-listed-before-task,no-success-receipt,,unknown,,,0,"No explicit GSC per-URL receipt; helper capability batch queued, attempts=0",2026-10-03,,2026-10-02
https://thechoicervoicer.me/zh/voice-acting-mouth-noise-exercises/,zh-Hans,sitemap-listed-before-task,already-indexed,,indexed,2026-09-14T01:42:43.171Z,2026-09-14T01:42:43.171Z,0,URL is on Google,,"indexing-assistant/evidence-v2.json; original authenticated GSC outcome, historical",2026-10-02
https://thechoicervoicer.me/zh/voice-acting-objective-exercises/,zh-Hans,sitemap-listed-before-task,no-success-receipt,,unknown,,,0,"No explicit GSC per-URL receipt; helper capability batch queued, attempts=0",2026-10-03,,2026-10-02
https://thechoicervoicer.me/zh/voice-acting-physicality-exercises/,zh-Hans,sitemap-listed-before-task,no-success-receipt,,unknown,,,0,"No explicit GSC per-URL receipt; helper capability batch queued, attempts=0",2026-10-03,,2026-10-02
https://thechoicervoicer.me/zh/voice-acting-plosive-exercises/,zh-Hans,production-verified-200,no-success-receipt,,unknown,,,0,GSC URL batch queued / attempts=0; no actual inspection or request confirmation,2026-10-03,production-source-audit-20261002-v4.json; thechoicervoicer-20261002-15-gsc-urls-v1,2026-10-02
https://thechoicervoicer.me/zh/voice-acting-practice-scripts/,zh-Hans,sitemap-listed-before-task,no-success-receipt,,unknown,,,0,"No explicit GSC per-URL receipt; helper capability batch queued, attempts=0",2026-10-03,,2026-10-02
https://thechoicervoicer.me/zh/voice-acting-reaction-exercises/,zh-Hans,sitemap-listed-before-task,no-success-receipt,,unknown,,,0,"No explicit GSC per-URL receipt; helper capability batch queued, attempts=0",2026-10-03,,2026-10-02
https://thechoicervoicer.me/zh/voice-acting-script-analysis/,zh-Hans,sitemap-listed-before-task,no-success-receipt,,unknown,,,0,"No explicit GSC per-URL receipt; helper capability batch queued, attempts=0",2026-10-03,,2026-10-02
https://thechoicervoicer.me/zh/voice-acting-self-critique/,zh-Hans,sitemap-listed-before-task,no-success-receipt,,unknown,,,0,"No explicit GSC per-URL receipt; helper capability batch queued, attempts=0",2026-10-03,,2026-10-02
https://thechoicervoicer.me/zh/voice-acting-sibilance-exercises/,zh-Hans,production-verified-200,no-success-receipt,,unknown,,,0,GSC URL batch queued / attempts=0; no actual inspection or request confirmation,2026-10-03,production-source-audit-20261002-v4.json; thechoicervoicer-20261002-15-gsc-urls-v1,2026-10-02
https://thechoicervoicer.me/zh/voice-acting-stakes-exercises/,zh-Hans,sitemap-listed-before-task,no-success-receipt,,unknown,,,0,"No explicit GSC per-URL receipt; helper capability batch queued, attempts=0",2026-10-03,,2026-10-02
https://thechoicervoicer.me/zh/voice-acting-status-exercises/,zh-Hans,sitemap-listed-before-task,no-success-receipt,,unknown,,,0,"No explicit GSC per-URL receipt; helper capability batch queued, attempts=0",2026-10-03,,2026-10-02
https://thechoicervoicer.me/zh/voice-acting-subtext-exercises/,zh-Hans,sitemap-listed-before-task,no-success-receipt,,unknown,,,0,"No explicit GSC per-URL receipt; helper capability batch queued, attempts=0",2026-10-03,,2026-10-02
https://thechoicervoicer.me/zh/voice-acting-taking-direction-exercises/,zh-Hans,sitemap-listed-before-task,no-success-receipt,,unknown,,,0,"No explicit GSC per-URL receipt; helper capability batch queued, attempts=0",2026-10-03,,2026-10-02
https://thechoicervoicer.me/zh/voice-acting-visualization-exercises/,zh-Hans,sitemap-listed-before-task,no-success-receipt,,unknown,,,0,"No explicit GSC per-URL receipt; helper capability batch queued, attempts=0",2026-10-03,,2026-10-02
https://thechoicervoicer.me/zh/voice-acting-vocal-stamina-exercises/,zh-Hans,sitemap-listed-before-task,no-success-receipt,,unknown,,,0,"No explicit GSC per-URL receipt; helper capability batch queued, attempts=0",2026-10-03,,2026-10-02
https://thechoicervoicer.me/zh/voice-acting-warm-ups/,zh-Hans,sitemap-listed-before-task,no-success-receipt,,unknown,,,0,"No explicit GSC per-URL receipt; helper capability batch queued, attempts=0",2026-10-03,,2026-10-02
https://thechoicervoicer.me/zh/voice-games-for-parties/,zh-Hans,sitemap-listed-before-task,no-success-receipt,,unknown,,,0,"No explicit GSC per-URL receipt; helper capability batch queued, attempts=0",2026-10-03,,2026-10-02
https://thechoicervoicer.me/zh/voice-imitation-exercises/,zh-Hans,sitemap-listed-before-task,no-success-receipt,,unknown,,,0,"No explicit GSC per-URL receipt; helper capability batch queued, attempts=0",2026-10-03,,2026-10-02
https://thechoicervoicer.me/zh/voice-modulation-exercises/,zh-Hans,sitemap-listed-before-task,no-success-receipt,,unknown,,,0,"No explicit GSC per-URL receipt; helper capability batch queued, attempts=0",2026-10-03,,2026-10-02
https://thechoicervoicer.me/zh/voice-over-pickup-exercises/,zh-Hans,production-verified-200,no-success-receipt,,unknown,,,0,GSC URL batch queued / attempts=0; no actual inspection or request confirmation,2026-10-03,production-source-audit-20261002-v4.json; thechoicervoicer-20261002-15-gsc-urls-v1,2026-10-02
https://thechoicervoicer.me/zh/voice-packs/,zh-Hans,sitemap-listed-before-task,no-success-receipt,,unknown,,,0,"No explicit GSC per-URL receipt; helper capability batch queued, attempts=0",2026-10-03,,2026-10-02
https://thechoicervoicer.me/zh/voice-projection-exercises/,zh-Hans,sitemap-listed-before-task,no-success-receipt,,unknown,,,0,"No explicit GSC per-URL receipt; helper capability batch queued, attempts=0",2026-10-03,,2026-10-02
https://thechoicervoicer.me/zh/voicemail-greeting-voice-exercises/,zh-Hans,production-verified-200,no-success-receipt,,unknown,,,0,GSC URL batch queued / attempts=0; no actual inspection or request confirmation,2026-10-03,production-source-audit-20261002-v4.json; thechoicervoicer-20261002-15-gsc-urls-v1,2026-10-02
https://thechoicervoicer.me/bilingual-voice-acting-exercises/,en,production-verified,no-success-receipt,,unknown,,,0,Not inspected; shared broker FIFO preflight queued; no per-URL request receipt,2026-10-05,docs/inner-page-release-ledger-2026-10-03.md,2026-10-04
https://thechoicervoicer.me/zh/bilingual-voice-acting-exercises/,zh-Hans,production-verified,no-success-receipt,,unknown,,,0,Not inspected; shared broker FIFO preflight queued; no per-URL request receipt,2026-10-05,docs/inner-page-release-ledger-2026-10-03.md,2026-10-04
https://thechoicervoicer.me/voice-over-demo-reel-exercises/,en,production-verified,no-success-receipt,,unknown,,,0,Not inspected; shared broker FIFO preflight queued; no per-URL request receipt,2026-10-05,docs/inner-page-release-ledger-2026-10-03.md,2026-10-04
https://thechoicervoicer.me/zh/voice-over-demo-reel-exercises/,zh-Hans,production-verified,no-success-receipt,,unknown,,,0,Not inspected; shared broker FIFO preflight queued; no per-URL request receipt,2026-10-05,docs/inner-page-release-ledger-2026-10-03.md,2026-10-04
https://thechoicervoicer.me/voice-acting-vocal-texture-exercises/,en,production-verified,no-success-receipt,,unknown,,,0,Not inspected; shared broker FIFO preflight queued; no per-URL request receipt,2026-10-05,docs/inner-page-release-ledger-2026-10-03.md,2026-10-04
https://thechoicervoicer.me/zh/voice-acting-vocal-texture-exercises/,zh-Hans,production-verified,no-success-receipt,,unknown,,,0,Not inspected; shared broker FIFO preflight queued; no per-URL request receipt,2026-10-05,docs/inner-page-release-ledger-2026-10-03.md,2026-10-04
https://thechoicervoicer.me/voice-over-equipment-setup/,en,production-verified,no-success-receipt,,unknown,,,0,Not inspected; shared broker FIFO preflight queued; no per-URL request receipt,2026-10-05,docs/inner-page-release-ledger-2026-10-03.md,2026-10-04
https://thechoicervoicer.me/zh/voice-over-equipment-setup/,zh-Hans,production-verified,no-success-receipt,,unknown,,,0,Not inspected; shared broker FIFO preflight queued; no per-URL request receipt,2026-10-05,docs/inner-page-release-ledger-2026-10-03.md,2026-10-04
https://thechoicervoicer.me/voice-acting-remote-session-checklist/,en,production-verified,no-success-receipt,,unknown,,,0,Not inspected; shared broker FIFO preflight queued; no per-URL request receipt,2026-10-05,docs/inner-page-release-ledger-2026-10-03.md,2026-10-04
https://thechoicervoicer.me/zh/voice-acting-remote-session-checklist/,zh-Hans,production-verified,no-success-receipt,,unknown,,,0,Not inspected; shared broker FIFO preflight queued; no per-URL request receipt,2026-10-05,docs/inner-page-release-ledger-2026-10-03.md,2026-10-04
https://thechoicervoicer.me/voice-over-script-formatting/,en,production-verified,no-success-receipt,,unknown,,,0,Not inspected; shared broker FIFO preflight queued; no per-URL request receipt,2026-10-05,docs/inner-page-release-ledger-2026-10-03.md,2026-10-04
https://thechoicervoicer.me/zh/voice-over-script-formatting/,zh-Hans,production-verified,no-success-receipt,,unknown,,,0,Not inspected; shared broker FIFO preflight queued; no per-URL request receipt,2026-10-05,docs/inner-page-release-ledger-2026-10-03.md,2026-10-04
https://thechoicervoicer.me/voice-acting-director-communication/,en,production-verified,no-success-receipt,,unknown,,,0,Not inspected; shared broker FIFO preflight queued; no per-URL request receipt,2026-10-05,docs/inner-page-release-ledger-2026-10-03.md,2026-10-04
https://thechoicervoicer.me/zh/voice-acting-director-communication/,zh-Hans,production-verified,no-success-receipt,,unknown,,,0,Not inspected; shared broker FIFO preflight queued; no per-URL request receipt,2026-10-05,docs/inner-page-release-ledger-2026-10-03.md,2026-10-04
https://thechoicervoicer.me/audio-drama-casting-exercises/,en,production-verified,no-success-receipt,,unknown,,,0,Not inspected; shared broker FIFO preflight queued; no per-URL request receipt,2026-10-05,docs/inner-page-release-ledger-2026-10-03.md,2026-10-04
https://thechoicervoicer.me/zh/audio-drama-casting-exercises/,zh-Hans,production-verified,no-success-receipt,,unknown,,,0,Not inspected; shared broker FIFO preflight queued; no per-URL request receipt,2026-10-05,docs/inner-page-release-ledger-2026-10-03.md,2026-10-04
https://thechoicervoicer.me/voice-acting-continuity-exercises/,en,production-verified,no-success-receipt,,unknown,,,0,Not inspected; shared broker FIFO preflight queued; no per-URL request receipt,2026-10-05,docs/inner-page-release-ledger-2026-10-03.md,2026-10-04
https://thechoicervoicer.me/zh/voice-acting-continuity-exercises/,zh-Hans,production-verified,no-success-receipt,,unknown,,,0,Not inspected; shared broker FIFO preflight queued; no per-URL request receipt,2026-10-05,docs/inner-page-release-ledger-2026-10-03.md,2026-10-04
https://thechoicervoicer.me/voice-over-technical-specification-checklist/,en,production-verified,no-success-receipt,,unknown,,,0,Not inspected; shared broker FIFO preflight queued; no per-URL request receipt,2026-10-05,docs/inner-page-release-ledger-2026-10-03.md,2026-10-04
https://thechoicervoicer.me/zh/voice-over-technical-specification-checklist/,zh-Hans,production-verified,no-success-receipt,,unknown,,,0,Not inspected; shared broker FIFO preflight queued; no per-URL request receipt,2026-10-05,docs/inner-page-release-ledger-2026-10-03.md,2026-10-04
https://thechoicervoicer.me/voice-acting-portfolio-checklist/,en,production-verified,no-success-receipt,,unknown,,,0,Not inspected; shared broker FIFO preflight queued; no per-URL request receipt,2026-10-05,docs/inner-page-release-ledger-2026-10-03.md,2026-10-04
https://thechoicervoicer.me/zh/voice-acting-portfolio-checklist/,zh-Hans,production-verified,no-success-receipt,,unknown,,,0,Not inspected; shared broker FIFO preflight queued; no per-URL request receipt,2026-10-05,docs/inner-page-release-ledger-2026-10-03.md,2026-10-04
https://thechoicervoicer.me/voice-over-pronunciation-guide/,en,production-verified,no-success-receipt,,unknown,,,0,Not inspected; shared broker FIFO preflight queued; no per-URL request receipt,2026-10-05,docs/inner-page-release-ledger-2026-10-03.md,2026-10-04
https://thechoicervoicer.me/zh/voice-over-pronunciation-guide/,zh-Hans,production-verified,no-success-receipt,,unknown,,,0,Not inspected; shared broker FIFO preflight queued; no per-URL request receipt,2026-10-05,docs/inner-page-release-ledger-2026-10-03.md,2026-10-04
https://thechoicervoicer.me/voice-over-recording-room-checklist/,en,production-verified,no-success-receipt,,unknown,,,0,Not inspected; shared broker FIFO preflight queued; no per-URL request receipt,2026-10-05,docs/inner-page-release-ledger-2026-10-03.md,2026-10-04
https://thechoicervoicer.me/zh/voice-over-recording-room-checklist/,zh-Hans,production-verified,no-success-receipt,,unknown,,,0,Not inspected; shared broker FIFO preflight queued; no per-URL request receipt,2026-10-05,docs/inner-page-release-ledger-2026-10-03.md,2026-10-04
https://thechoicervoicer.me/live-event-voice-announcements/,en,production-verified,no-success-receipt,,unknown,,,0,Not inspected; shared broker FIFO preflight queued; no per-URL request receipt,2026-10-05,docs/inner-page-release-ledger-2026-10-03.md,2026-10-04
https://thechoicervoicer.me/zh/live-event-voice-announcements/,zh-Hans,production-verified,no-success-receipt,,unknown,,,0,Not inspected; shared broker FIFO preflight queued; no per-URL request receipt,2026-10-05,docs/inner-page-release-ledger-2026-10-03.md,2026-10-04
https://thechoicervoicer.me/voice-acting-rehearsal-schedule/,en,production-verified,no-success-receipt,,unknown,,,0,Not inspected; shared broker FIFO preflight queued; no per-URL request receipt,2026-10-05,docs/inner-page-release-ledger-2026-10-03.md,2026-10-04
https://thechoicervoicer.me/zh/voice-acting-rehearsal-schedule/,zh-Hans,production-verified,no-success-receipt,,unknown,,,0,Not inspected; shared broker FIFO preflight queued; no per-URL request receipt,2026-10-05,docs/inner-page-release-ledger-2026-10-03.md,2026-10-04
https://thechoicervoicer.me/voice-work-guides/,en,production-verified,no-success-receipt,,unknown,,,0,Not inspected; shared broker FIFO preflight queued; no per-URL request receipt,2026-10-05,docs/inner-page-release-ledger-2026-10-03.md,2026-10-04
https://thechoicervoicer.me/zh/voice-work-guides/,zh-Hans,production-verified,no-success-receipt,,unknown,,,0,Not inspected; shared broker FIFO preflight queued; no per-URL request receipt,2026-10-05,docs/inner-page-release-ledger-2026-10-03.md,2026-10-04
