project,canonical,first_recorded_date,evidence_status,last_gsc_attempt_date,recorded_attempt_count,last_result_or_error,next_retry_date,manual_submission_status,source
thechoicervoicer.me,https://thechoicervoicer.me/adr-voice-acting-exercises/,2026-10-02,no-explicit-receipt,,0,"No explicit GSC per-URL receipt; helper capability batch queued, attempts=0",2026-10-03,pending,live sitemap plus historical per-URL evidence reconciliation
thechoicervoicer.me,https://thechoicervoicer.me/alternatives/,2026-10-02,no-explicit-receipt,,0,"No explicit GSC per-URL receipt; helper capability batch queued, attempts=0",2026-10-03,pending,live sitemap plus historical per-URL evidence reconciliation
thechoicervoicer.me,https://thechoicervoicer.me/app/,2026-10-02,no-explicit-receipt,,0,"No explicit GSC per-URL receipt; helper capability batch queued, attempts=0",2026-10-03,pending,live sitemap plus historical per-URL evidence reconciliation
thechoicervoicer.me,https://thechoicervoicer.me/articulation-exercises-for-voice-acting/,2026-10-02,no-explicit-receipt,,0,"No explicit GSC per-URL receipt; helper capability batch queued, attempts=0",2026-10-03,pending,live sitemap plus historical per-URL evidence reconciliation
thechoicervoicer.me,https://thechoicervoicer.me/breath-control-exercises-for-voice-acting/,2026-10-02,no-explicit-receipt,,0,"No explicit GSC per-URL receipt; helper capability batch queued, attempts=0",2026-10-03,pending,live sitemap plus historical per-URL evidence reconciliation
thechoicervoicer.me,https://thechoicervoicer.me/character-voice-exercises/,2026-10-02,no-explicit-receipt,,0,"No explicit GSC per-URL receipt; helper capability batch queued, attempts=0",2026-10-03,pending,live sitemap plus historical per-URL evidence reconciliation
thechoicervoicer.me,https://thechoicervoicer.me/commercial-voice-acting-exercises/,2026-10-02,no-explicit-receipt,,0,"No explicit GSC per-URL receipt; helper capability batch queued, attempts=0",2026-10-03,pending,live sitemap plus historical per-URL evidence reconciliation
thechoicervoicer.me,https://thechoicervoicer.me/e-learning-narration-exercises/,2026-10-02,no-explicit-receipt,,0,"No explicit GSC per-URL receipt; helper capability batch queued, attempts=0",2026-10-03,pending,live sitemap plus historical per-URL evidence reconciliation
thechoicervoicer.me,https://thechoicervoicer.me/emotional-voice-acting-exercises/,2026-10-02,no-explicit-receipt,,0,"No explicit GSC per-URL receipt; helper capability batch queued, attempts=0",2026-10-03,pending,live sitemap plus historical per-URL evidence reconciliation
thechoicervoicer.me,https://thechoicervoicer.me/gameplay/,2026-10-02,no-explicit-receipt,,0,"No explicit GSC per-URL receipt; helper capability batch queued, attempts=0",2026-10-03,pending,live sitemap plus historical per-URL evidence reconciliation
thechoicervoicer.me,https://thechoicervoicer.me/games/,2026-10-02,no-explicit-receipt,,0,"No explicit GSC per-URL receipt; helper capability batch queued, attempts=0",2026-10-03,pending,live sitemap plus historical per-URL evidence reconciliation
thechoicervoicer.me,https://thechoicervoicer.me/how-to-play/,2026-10-02,no-explicit-receipt,,0,"No explicit GSC per-URL receipt; helper capability batch queued, attempts=0",2026-10-03,pending,live sitemap plus historical per-URL evidence reconciliation
thechoicervoicer.me,https://thechoicervoicer.me/is-it-safe/,2026-10-02,no-explicit-receipt,,0,"No explicit GSC per-URL receipt; helper capability batch queued, attempts=0",2026-10-03,pending,live sitemap plus historical per-URL evidence reconciliation
thechoicervoicer.me,https://thechoicervoicer.me/microphone-not-working/,2026-10-02,no-explicit-receipt,,0,"No explicit GSC per-URL receipt; helper capability batch queued, attempts=0",2026-10-03,pending,live sitemap plus historical per-URL evidence reconciliation
thechoicervoicer.me,https://thechoicervoicer.me/mobile/,2026-10-02,no-explicit-receipt,,0,"No explicit GSC per-URL receipt; helper capability batch queued, attempts=0",2026-10-03,pending,live sitemap plus historical per-URL evidence reconciliation
thechoicervoicer.me,https://thechoicervoicer.me/multiplayer/,2026-10-02,no-explicit-receipt,,0,"No explicit GSC per-URL receipt; helper capability batch queued, attempts=0",2026-10-03,pending,live sitemap plus historical per-URL evidence reconciliation
thechoicervoicer.me,https://thechoicervoicer.me/pitch-matching-exercises/,2026-10-02,no-explicit-receipt,,0,"No explicit GSC per-URL receipt; helper capability batch queued, attempts=0",2026-10-03,pending,live sitemap plus historical per-URL evidence reconciliation
thechoicervoicer.me,https://thechoicervoicer.me/vocal-cooldown-exercises/,2026-10-02,no-explicit-receipt,,0,"No explicit GSC per-URL receipt; helper capability batch queued, attempts=0",2026-10-03,pending,live sitemap plus historical per-URL evidence reconciliation
thechoicervoicer.me,https://thechoicervoicer.me/vocal-timing-exercises/,2026-10-02,no-explicit-receipt,,0,"No explicit GSC per-URL receipt; helper capability batch queued, attempts=0",2026-10-03,pending,live sitemap plus historical per-URL evidence reconciliation
thechoicervoicer.me,https://thechoicervoicer.me/voice-acting-accent-exercises/,2026-10-02,no-explicit-receipt,,0,"No explicit GSC per-URL receipt; helper capability batch queued, attempts=0",2026-10-03,pending,live sitemap plus historical per-URL evidence reconciliation
thechoicervoicer.me,https://thechoicervoicer.me/voice-acting-audition-exercises/,2026-10-02,no-explicit-receipt,,0,"No explicit GSC per-URL receipt; helper capability batch queued, attempts=0",2026-10-03,pending,live sitemap plus historical per-URL evidence reconciliation
thechoicervoicer.me,https://thechoicervoicer.me/voice-acting-cold-reading-exercises/,2026-10-02,no-explicit-receipt,,0,"No explicit GSC per-URL receipt; helper capability batch queued, attempts=0",2026-10-03,pending,live sitemap plus historical per-URL evidence reconciliation
thechoicervoicer.me,https://thechoicervoicer.me/voice-acting-improv-exercises/,2026-10-02,no-explicit-receipt,,0,"No explicit GSC per-URL receipt; helper capability batch queued, attempts=0",2026-10-03,pending,live sitemap plus historical per-URL evidence reconciliation
thechoicervoicer.me,https://thechoicervoicer.me/voice-acting-line-delivery-exercises/,2026-10-02,no-explicit-receipt,,0,"No explicit GSC per-URL receipt; helper capability batch queued, attempts=0",2026-10-03,pending,live sitemap plus historical per-URL evidence reconciliation
thechoicervoicer.me,https://thechoicervoicer.me/voice-acting-listening-exercises/,2026-10-02,no-explicit-receipt,,0,"No explicit GSC per-URL receipt; helper capability batch queued, attempts=0",2026-10-03,pending,live sitemap plus historical per-URL evidence reconciliation
thechoicervoicer.me,https://thechoicervoicer.me/voice-acting-microphone-technique/,2026-10-02,no-explicit-receipt,,0,"No explicit GSC per-URL receipt; helper capability batch queued, attempts=0",2026-10-03,pending,live sitemap plus historical per-URL evidence reconciliation
thechoicervoicer.me,https://thechoicervoicer.me/voice-acting-objective-exercises/,2026-10-02,no-explicit-receipt,,0,"No explicit GSC per-URL receipt; helper capability batch queued, attempts=0",2026-10-03,pending,live sitemap plus historical per-URL evidence reconciliation
thechoicervoicer.me,https://thechoicervoicer.me/voice-acting-practice-scripts/,2026-10-02,no-explicit-receipt,,0,"No explicit GSC per-URL receipt; helper capability batch queued, attempts=0",2026-10-03,pending,live sitemap plus historical per-URL evidence reconciliation
thechoicervoicer.me,https://thechoicervoicer.me/voice-acting-script-analysis/,2026-10-02,no-explicit-receipt,,0,"No explicit GSC per-URL receipt; helper capability batch queued, attempts=0",2026-10-03,pending,live sitemap plus historical per-URL evidence reconciliation
thechoicervoicer.me,https://thechoicervoicer.me/voice-acting-self-critique/,2026-10-02,no-explicit-receipt,,0,"No explicit GSC per-URL receipt; helper capability batch queued, attempts=0",2026-10-03,pending,live sitemap plus historical per-URL evidence reconciliation
thechoicervoicer.me,https://thechoicervoicer.me/voice-acting-stakes-exercises/,2026-10-02,no-explicit-receipt,,0,"No explicit GSC per-URL receipt; helper capability batch queued, attempts=0",2026-10-03,pending,live sitemap plus historical per-URL evidence reconciliation
thechoicervoicer.me,https://thechoicervoicer.me/voice-acting-subtext-exercises/,2026-10-02,no-explicit-receipt,,0,"No explicit GSC per-URL receipt; helper capability batch queued, attempts=0",2026-10-03,pending,live sitemap plus historical per-URL evidence reconciliation
thechoicervoicer.me,https://thechoicervoicer.me/voice-acting-taking-direction-exercises/,2026-10-02,no-explicit-receipt,,0,"No explicit GSC per-URL receipt; helper capability batch queued, attempts=0",2026-10-03,pending,live sitemap plus historical per-URL evidence reconciliation
thechoicervoicer.me,https://thechoicervoicer.me/voice-acting-vocal-stamina-exercises/,2026-10-02,no-explicit-receipt,,0,"No explicit GSC per-URL receipt; helper capability batch queued, attempts=0",2026-10-03,pending,live sitemap plus historical per-URL evidence reconciliation
thechoicervoicer.me,https://thechoicervoicer.me/voice-acting-warm-ups/,2026-10-02,no-explicit-receipt,,0,"No explicit GSC per-URL receipt; helper capability batch queued, attempts=0",2026-10-03,pending,live sitemap plus historical per-URL evidence reconciliation
thechoicervoicer.me,https://thechoicervoicer.me/voice-games-for-parties/,2026-10-02,no-explicit-receipt,,0,"No explicit GSC per-URL receipt; helper capability batch queued, attempts=0",2026-10-03,pending,live sitemap plus historical per-URL evidence reconciliation
thechoicervoicer.me,https://thechoicervoicer.me/voice-imitation-exercises/,2026-10-02,no-explicit-receipt,,0,"No explicit GSC per-URL receipt; helper capability batch queued, attempts=0",2026-10-03,pending,live sitemap plus historical per-URL evidence reconciliation
thechoicervoicer.me,https://thechoicervoicer.me/voice-modulation-exercises/,2026-10-02,no-explicit-receipt,,0,"No explicit GSC per-URL receipt; helper capability batch queued, attempts=0",2026-10-03,pending,live sitemap plus historical per-URL evidence reconciliation
thechoicervoicer.me,https://thechoicervoicer.me/voice-packs/,2026-10-02,no-explicit-receipt,,0,"No explicit GSC per-URL receipt; helper capability batch queued, attempts=0",2026-10-03,pending,live sitemap plus historical per-URL evidence reconciliation
thechoicervoicer.me,https://thechoicervoicer.me/voice-projection-exercises/,2026-10-02,no-explicit-receipt,,0,"No explicit GSC per-URL receipt; helper capability batch queued, attempts=0",2026-10-03,pending,live sitemap plus historical per-URL evidence reconciliation
thechoicervoicer.me,https://thechoicervoicer.me/zh/adr-voice-acting-exercises/,2026-10-02,no-explicit-receipt,,0,"No explicit GSC per-URL receipt; helper capability batch queued, attempts=0",2026-10-03,pending,live sitemap plus historical per-URL evidence reconciliation
thechoicervoicer.me,https://thechoicervoicer.me/zh/alternatives/,2026-10-02,no-explicit-receipt,,0,"No explicit GSC per-URL receipt; helper capability batch queued, attempts=0",2026-10-03,pending,live sitemap plus historical per-URL evidence reconciliation
thechoicervoicer.me,https://thechoicervoicer.me/zh/app/,2026-10-02,no-explicit-receipt,,0,"No explicit GSC per-URL receipt; helper capability batch queued, attempts=0",2026-10-03,pending,live sitemap plus historical per-URL evidence reconciliation
thechoicervoicer.me,https://thechoicervoicer.me/zh/articulation-exercises-for-voice-acting/,2026-10-02,no-explicit-receipt,,0,"No explicit GSC per-URL receipt; helper capability batch queued, attempts=0",2026-10-03,pending,live sitemap plus historical per-URL evidence reconciliation
thechoicervoicer.me,https://thechoicervoicer.me/zh/audiobook-narration-exercises/,2026-10-02,no-explicit-receipt,,0,"No explicit GSC per-URL receipt; helper capability batch queued, attempts=0",2026-10-03,pending,live sitemap plus historical per-URL evidence reconciliation
thechoicervoicer.me,https://thechoicervoicer.me/zh/breath-control-exercises-for-voice-acting/,2026-10-02,no-explicit-receipt,,0,"No explicit GSC per-URL receipt; helper capability batch queued, attempts=0",2026-10-03,pending,live sitemap plus historical per-URL evidence reconciliation
thechoicervoicer.me,https://thechoicervoicer.me/zh/character-voice-exercises/,2026-10-02,no-explicit-receipt,,0,"No explicit GSC per-URL receipt; helper capability batch queued, attempts=0",2026-10-03,pending,live sitemap plus historical per-URL evidence reconciliation
thechoicervoicer.me,https://thechoicervoicer.me/zh/commercial-voice-acting-exercises/,2026-10-02,no-explicit-receipt,,0,"No explicit GSC per-URL receipt; helper capability batch queued, attempts=0",2026-10-03,pending,live sitemap plus historical per-URL evidence reconciliation
thechoicervoicer.me,https://thechoicervoicer.me/zh/e-learning-narration-exercises/,2026-10-02,no-explicit-receipt,,0,"No explicit GSC per-URL receipt; helper capability batch queued, attempts=0",2026-10-03,pending,live sitemap plus historical per-URL evidence reconciliation
thechoicervoicer.me,https://thechoicervoicer.me/zh/emotional-voice-acting-exercises/,2026-10-02,no-explicit-receipt,,0,"No explicit GSC per-URL receipt; helper capability batch queued, attempts=0",2026-10-03,pending,live sitemap plus historical per-URL evidence reconciliation
thechoicervoicer.me,https://thechoicervoicer.me/zh/gameplay/,2026-10-02,no-explicit-receipt,,0,"No explicit GSC per-URL receipt; helper capability batch queued, attempts=0",2026-10-03,pending,live sitemap plus historical per-URL evidence reconciliation
thechoicervoicer.me,https://thechoicervoicer.me/zh/games/,2026-10-02,no-explicit-receipt,,0,"No explicit GSC per-URL receipt; helper capability batch queued, attempts=0",2026-10-03,pending,live sitemap plus historical per-URL evidence reconciliation
thechoicervoicer.me,https://thechoicervoicer.me/zh/how-to-play/,2026-10-02,no-explicit-receipt,,0,"No explicit GSC per-URL receipt; helper capability batch queued, attempts=0",2026-10-03,pending,live sitemap plus historical per-URL evidence reconciliation
thechoicervoicer.me,https://thechoicervoicer.me/zh/is-it-safe/,2026-10-02,no-explicit-receipt,,0,"No explicit GSC per-URL receipt; helper capability batch queued, attempts=0",2026-10-03,pending,live sitemap plus historical per-URL evidence reconciliation
thechoicervoicer.me,https://thechoicervoicer.me/zh/microphone-not-working/,2026-10-02,no-explicit-receipt,,0,"No explicit GSC per-URL receipt; helper capability batch queued, attempts=0",2026-10-03,pending,live sitemap plus historical per-URL evidence reconciliation
thechoicervoicer.me,https://thechoicervoicer.me/zh/mobile/,2026-10-02,no-explicit-receipt,,0,"No explicit GSC per-URL receipt; helper capability batch queued, attempts=0",2026-10-03,pending,live sitemap plus historical per-URL evidence reconciliation
thechoicervoicer.me,https://thechoicervoicer.me/zh/multiplayer/,2026-10-02,no-explicit-receipt,,0,"No explicit GSC per-URL receipt; helper capability batch queued, attempts=0",2026-10-03,pending,live sitemap plus historical per-URL evidence reconciliation
thechoicervoicer.me,https://thechoicervoicer.me/zh/pitch-matching-exercises/,2026-10-02,no-explicit-receipt,,0,"No explicit GSC per-URL receipt; helper capability batch queued, attempts=0",2026-10-03,pending,live sitemap plus historical per-URL evidence reconciliation
thechoicervoicer.me,https://thechoicervoicer.me/zh/vocal-cooldown-exercises/,2026-10-02,no-explicit-receipt,,0,"No explicit GSC per-URL receipt; helper capability batch queued, attempts=0",2026-10-03,pending,live sitemap plus historical per-URL evidence reconciliation
thechoicervoicer.me,https://thechoicervoicer.me/zh/vocal-timing-exercises/,2026-10-02,no-explicit-receipt,,0,"No explicit GSC per-URL receipt; helper capability batch queued, attempts=0",2026-10-03,pending,live sitemap plus historical per-URL evidence reconciliation
thechoicervoicer.me,https://thechoicervoicer.me/zh/voice-acting-accent-exercises/,2026-10-02,no-explicit-receipt,,0,"No explicit GSC per-URL receipt; helper capability batch queued, attempts=0",2026-10-03,pending,live sitemap plus historical per-URL evidence reconciliation
thechoicervoicer.me,https://thechoicervoicer.me/zh/voice-acting-audition-exercises/,2026-10-02,no-explicit-receipt,,0,"No explicit GSC per-URL receipt; helper capability batch queued, attempts=0",2026-10-03,pending,live sitemap plus historical per-URL evidence reconciliation
thechoicervoicer.me,https://thechoicervoicer.me/zh/voice-acting-character-relationship-exercises/,2026-10-02,no-explicit-receipt,,0,"No explicit GSC per-URL receipt; helper capability batch queued, attempts=0",2026-10-03,pending,live sitemap plus historical per-URL evidence reconciliation
thechoicervoicer.me,https://thechoicervoicer.me/zh/voice-acting-character-switching-exercises/,2026-10-02,no-explicit-receipt,,0,"No explicit GSC per-URL receipt; helper capability batch queued, attempts=0",2026-10-03,pending,live sitemap plus historical per-URL evidence reconciliation
thechoicervoicer.me,https://thechoicervoicer.me/zh/voice-acting-cold-reading-exercises/,2026-10-02,no-explicit-receipt,,0,"No explicit GSC per-URL receipt; helper capability batch queued, attempts=0",2026-10-03,pending,live sitemap plus historical per-URL evidence reconciliation
thechoicervoicer.me,https://thechoicervoicer.me/zh/voice-acting-comedy-timing-exercises/,2026-10-02,no-explicit-receipt,,0,"No explicit GSC per-URL receipt; helper capability batch queued, attempts=0",2026-10-03,pending,live sitemap plus historical per-URL evidence reconciliation
thechoicervoicer.me,https://thechoicervoicer.me/zh/voice-acting-effort-sounds-exercises/,2026-10-02,no-explicit-receipt,,0,"No explicit GSC per-URL receipt; helper capability batch queued, attempts=0",2026-10-03,pending,live sitemap plus historical per-URL evidence reconciliation
thechoicervoicer.me,https://thechoicervoicer.me/zh/voice-acting-improv-exercises/,2026-10-02,no-explicit-receipt,,0,"No explicit GSC per-URL receipt; helper capability batch queued, attempts=0",2026-10-03,pending,live sitemap plus historical per-URL evidence reconciliation
thechoicervoicer.me,https://thechoicervoicer.me/zh/voice-acting-line-delivery-exercises/,2026-10-02,no-explicit-receipt,,0,"No explicit GSC per-URL receipt; helper capability batch queued, attempts=0",2026-10-03,pending,live sitemap plus historical per-URL evidence reconciliation
thechoicervoicer.me,https://thechoicervoicer.me/zh/voice-acting-listening-exercises/,2026-10-02,no-explicit-receipt,,0,"No explicit GSC per-URL receipt; helper capability batch queued, attempts=0",2026-10-03,pending,live sitemap plus historical per-URL evidence reconciliation
thechoicervoicer.me,https://thechoicervoicer.me/zh/voice-acting-memory-exercises/,2026-10-02,no-explicit-receipt,,0,"No explicit GSC per-URL receipt; helper capability batch queued, attempts=0",2026-10-03,pending,live sitemap plus historical per-URL evidence reconciliation
thechoicervoicer.me,https://thechoicervoicer.me/zh/voice-acting-microphone-technique/,2026-10-02,no-explicit-receipt,,0,"No explicit GSC per-URL receipt; helper capability batch queued, attempts=0",2026-10-03,pending,live sitemap plus historical per-URL evidence reconciliation
thechoicervoicer.me,https://thechoicervoicer.me/zh/voice-acting-objective-exercises/,2026-10-02,no-explicit-receipt,,0,"No explicit GSC per-URL receipt; helper capability batch queued, attempts=0",2026-10-03,pending,live sitemap plus historical per-URL evidence reconciliation
thechoicervoicer.me,https://thechoicervoicer.me/zh/voice-acting-physicality-exercises/,2026-10-02,no-explicit-receipt,,0,"No explicit GSC per-URL receipt; helper capability batch queued, attempts=0",2026-10-03,pending,live sitemap plus historical per-URL evidence reconciliation
thechoicervoicer.me,https://thechoicervoicer.me/zh/voice-acting-practice-scripts/,2026-10-02,no-explicit-receipt,,0,"No explicit GSC per-URL receipt; helper capability batch queued, attempts=0",2026-10-03,pending,live sitemap plus historical per-URL evidence reconciliation
thechoicervoicer.me,https://thechoicervoicer.me/zh/voice-acting-reaction-exercises/,2026-10-02,no-explicit-receipt,,0,"No explicit GSC per-URL receipt; helper capability batch queued, attempts=0",2026-10-03,pending,live sitemap plus historical per-URL evidence reconciliation
thechoicervoicer.me,https://thechoicervoicer.me/zh/voice-acting-script-analysis/,2026-10-02,no-explicit-receipt,,0,"No explicit GSC per-URL receipt; helper capability batch queued, attempts=0",2026-10-03,pending,live sitemap plus historical per-URL evidence reconciliation
thechoicervoicer.me,https://thechoicervoicer.me/zh/voice-acting-self-critique/,2026-10-02,no-explicit-receipt,,0,"No explicit GSC per-URL receipt; helper capability batch queued, attempts=0",2026-10-03,pending,live sitemap plus historical per-URL evidence reconciliation
thechoicervoicer.me,https://thechoicervoicer.me/zh/voice-acting-stakes-exercises/,2026-10-02,no-explicit-receipt,,0,"No explicit GSC per-URL receipt; helper capability batch queued, attempts=0",2026-10-03,pending,live sitemap plus historical per-URL evidence reconciliation
thechoicervoicer.me,https://thechoicervoicer.me/zh/voice-acting-status-exercises/,2026-10-02,no-explicit-receipt,,0,"No explicit GSC per-URL receipt; helper capability batch queued, attempts=0",2026-10-03,pending,live sitemap plus historical per-URL evidence reconciliation
thechoicervoicer.me,https://thechoicervoicer.me/zh/voice-acting-subtext-exercises/,2026-10-02,no-explicit-receipt,,0,"No explicit GSC per-URL receipt; helper capability batch queued, attempts=0",2026-10-03,pending,live sitemap plus historical per-URL evidence reconciliation
thechoicervoicer.me,https://thechoicervoicer.me/zh/voice-acting-taking-direction-exercises/,2026-10-02,no-explicit-receipt,,0,"No explicit GSC per-URL receipt; helper capability batch queued, attempts=0",2026-10-03,pending,live sitemap plus historical per-URL evidence reconciliation
thechoicervoicer.me,https://thechoicervoicer.me/zh/voice-acting-visualization-exercises/,2026-10-02,no-explicit-receipt,,0,"No explicit GSC per-URL receipt; helper capability batch queued, attempts=0",2026-10-03,pending,live sitemap plus historical per-URL evidence reconciliation
thechoicervoicer.me,https://thechoicervoicer.me/zh/voice-acting-vocal-stamina-exercises/,2026-10-02,no-explicit-receipt,,0,"No explicit GSC per-URL receipt; helper capability batch queued, attempts=0",2026-10-03,pending,live sitemap plus historical per-URL evidence reconciliation
thechoicervoicer.me,https://thechoicervoicer.me/zh/voice-acting-warm-ups/,2026-10-02,no-explicit-receipt,,0,"No explicit GSC per-URL receipt; helper capability batch queued, attempts=0",2026-10-03,pending,live sitemap plus historical per-URL evidence reconciliation
thechoicervoicer.me,https://thechoicervoicer.me/zh/voice-games-for-parties/,2026-10-02,no-explicit-receipt,,0,"No explicit GSC per-URL receipt; helper capability batch queued, attempts=0",2026-10-03,pending,live sitemap plus historical per-URL evidence reconciliation
thechoicervoicer.me,https://thechoicervoicer.me/zh/voice-imitation-exercises/,2026-10-02,no-explicit-receipt,,0,"No explicit GSC per-URL receipt; helper capability batch queued, attempts=0",2026-10-03,pending,live sitemap plus historical per-URL evidence reconciliation
thechoicervoicer.me,https://thechoicervoicer.me/zh/voice-modulation-exercises/,2026-10-02,no-explicit-receipt,,0,"No explicit GSC per-URL receipt; helper capability batch queued, attempts=0",2026-10-03,pending,live sitemap plus historical per-URL evidence reconciliation
thechoicervoicer.me,https://thechoicervoicer.me/zh/voice-packs/,2026-10-02,no-explicit-receipt,,0,"No explicit GSC per-URL receipt; helper capability batch queued, attempts=0",2026-10-03,pending,live sitemap plus historical per-URL evidence reconciliation
thechoicervoicer.me,https://thechoicervoicer.me/zh/voice-projection-exercises/,2026-10-02,no-explicit-receipt,,0,"No explicit GSC per-URL receipt; helper capability batch queued, attempts=0",2026-10-03,pending,live sitemap plus historical per-URL evidence reconciliation
thechoicervoicer.me,https://thechoicervoicer.me/audio-description-voice-over-exercises/,2026-10-02,blocked-not-attempted,,0,Helper queued; Chrome executor connection unavailable; no per-URL receipt,2026-10-03,pending,thechoicervoicer-20261002-15-gsc-urls-v1; production canonical verified
thechoicervoicer.me,https://thechoicervoicer.me/guided-meditation-voice-exercises/,2026-10-02,blocked-not-attempted,,0,Helper queued; Chrome executor connection unavailable; no per-URL receipt,2026-10-03,pending,thechoicervoicer-20261002-15-gsc-urls-v1; production canonical verified
thechoicervoicer.me,https://thechoicervoicer.me/ivr-voice-over-exercises/,2026-10-02,blocked-not-attempted,,0,Helper queued; Chrome executor connection unavailable; no per-URL receipt,2026-10-03,pending,thechoicervoicer-20261002-15-gsc-urls-v1; production canonical verified
thechoicervoicer.me,https://thechoicervoicer.me/museum-audio-guide-narration-exercises/,2026-10-02,blocked-not-attempted,,0,Helper queued; Chrome executor connection unavailable; no per-URL receipt,2026-10-03,pending,thechoicervoicer-20261002-15-gsc-urls-v1; production canonical verified
thechoicervoicer.me,https://thechoicervoicer.me/news-reading-voice-exercises/,2026-10-02,blocked-not-attempted,,0,Helper queued; Chrome executor connection unavailable; no per-URL receipt,2026-10-03,pending,thechoicervoicer-20261002-15-gsc-urls-v1; production canonical verified
thechoicervoicer.me,https://thechoicervoicer.me/poetry-reading-voice-exercises/,2026-10-02,blocked-not-attempted,,0,Helper queued; Chrome executor connection unavailable; no per-URL receipt,2026-10-03,pending,thechoicervoicer-20261002-15-gsc-urls-v1; production canonical verified
thechoicervoicer.me,https://thechoicervoicer.me/puppet-voice-acting-exercises/,2026-10-02,blocked-not-attempted,,0,Helper queued; Chrome executor connection unavailable; no per-URL receipt,2026-10-03,pending,thechoicervoicer-20261002-15-gsc-urls-v1; production canonical verified
thechoicervoicer.me,https://thechoicervoicer.me/storytelling-voice-exercises/,2026-10-02,blocked-not-attempted,,0,Helper queued; Chrome executor connection unavailable; no per-URL receipt,2026-10-03,pending,thechoicervoicer-20261002-15-gsc-urls-v1; production canonical verified
thechoicervoicer.me,https://thechoicervoicer.me/telephone-acting-exercises/,2026-10-02,blocked-not-attempted,,0,Helper queued; Chrome executor connection unavailable; no per-URL receipt,2026-10-03,pending,thechoicervoicer-20261002-15-gsc-urls-v1; production canonical verified
thechoicervoicer.me,https://thechoicervoicer.me/tour-guide-voice-exercises/,2026-10-02,blocked-not-attempted,,0,Helper queued; Chrome executor connection unavailable; no per-URL receipt,2026-10-03,pending,thechoicervoicer-20261002-15-gsc-urls-v1; production canonical verified
thechoicervoicer.me,https://thechoicervoicer.me/trailer-narration-exercises/,2026-10-02,blocked-not-attempted,,0,Helper queued; Chrome executor connection unavailable; no per-URL receipt,2026-10-03,pending,thechoicervoicer-20261002-15-gsc-urls-v1; production canonical verified
thechoicervoicer.me,https://thechoicervoicer.me/voice-acting-plosive-exercises/,2026-10-02,blocked-not-attempted,,0,Helper queued; Chrome executor connection unavailable; no per-URL receipt,2026-10-03,pending,thechoicervoicer-20261002-15-gsc-urls-v1; production canonical verified
thechoicervoicer.me,https://thechoicervoicer.me/voice-acting-sibilance-exercises/,2026-10-02,blocked-not-attempted,,0,Helper queued; Chrome executor connection unavailable; no per-URL receipt,2026-10-03,pending,thechoicervoicer-20261002-15-gsc-urls-v1; production canonical verified
thechoicervoicer.me,https://thechoicervoicer.me/voice-over-pickup-exercises/,2026-10-02,blocked-not-attempted,,0,Helper queued; Chrome executor connection unavailable; no per-URL receipt,2026-10-03,pending,thechoicervoicer-20261002-15-gsc-urls-v1; production canonical verified
thechoicervoicer.me,https://thechoicervoicer.me/voicemail-greeting-voice-exercises/,2026-10-02,blocked-not-attempted,,0,Helper queued; Chrome executor connection unavailable; no per-URL receipt,2026-10-03,pending,thechoicervoicer-20261002-15-gsc-urls-v1; production canonical verified
thechoicervoicer.me,https://thechoicervoicer.me/zh/audio-description-voice-over-exercises/,2026-10-02,blocked-not-attempted,,0,Helper queued; Chrome executor connection unavailable; no per-URL receipt,2026-10-03,pending,thechoicervoicer-20261002-15-gsc-urls-v1; production canonical verified
thechoicervoicer.me,https://thechoicervoicer.me/zh/guided-meditation-voice-exercises/,2026-10-02,blocked-not-attempted,,0,Helper queued; Chrome executor connection unavailable; no per-URL receipt,2026-10-03,pending,thechoicervoicer-20261002-15-gsc-urls-v1; production canonical verified
thechoicervoicer.me,https://thechoicervoicer.me/zh/ivr-voice-over-exercises/,2026-10-02,blocked-not-attempted,,0,Helper queued; Chrome executor connection unavailable; no per-URL receipt,2026-10-03,pending,thechoicervoicer-20261002-15-gsc-urls-v1; production canonical verified
thechoicervoicer.me,https://thechoicervoicer.me/zh/museum-audio-guide-narration-exercises/,2026-10-02,blocked-not-attempted,,0,Helper queued; Chrome executor connection unavailable; no per-URL receipt,2026-10-03,pending,thechoicervoicer-20261002-15-gsc-urls-v1; production canonical verified
thechoicervoicer.me,https://thechoicervoicer.me/zh/news-reading-voice-exercises/,2026-10-02,blocked-not-attempted,,0,Helper queued; Chrome executor connection unavailable; no per-URL receipt,2026-10-03,pending,thechoicervoicer-20261002-15-gsc-urls-v1; production canonical verified
thechoicervoicer.me,https://thechoicervoicer.me/zh/poetry-reading-voice-exercises/,2026-10-02,blocked-not-attempted,,0,Helper queued; Chrome executor connection unavailable; no per-URL receipt,2026-10-03,pending,thechoicervoicer-20261002-15-gsc-urls-v1; production canonical verified
thechoicervoicer.me,https://thechoicervoicer.me/zh/puppet-voice-acting-exercises/,2026-10-02,blocked-not-attempted,,0,Helper queued; Chrome executor connection unavailable; no per-URL receipt,2026-10-03,pending,thechoicervoicer-20261002-15-gsc-urls-v1; production canonical verified
thechoicervoicer.me,https://thechoicervoicer.me/zh/storytelling-voice-exercises/,2026-10-02,blocked-not-attempted,,0,Helper queued; Chrome executor connection unavailable; no per-URL receipt,2026-10-03,pending,thechoicervoicer-20261002-15-gsc-urls-v1; production canonical verified
thechoicervoicer.me,https://thechoicervoicer.me/zh/telephone-acting-exercises/,2026-10-02,blocked-not-attempted,,0,Helper queued; Chrome executor connection unavailable; no per-URL receipt,2026-10-03,pending,thechoicervoicer-20261002-15-gsc-urls-v1; production canonical verified
thechoicervoicer.me,https://thechoicervoicer.me/zh/tour-guide-voice-exercises/,2026-10-02,blocked-not-attempted,,0,Helper queued; Chrome executor connection unavailable; no per-URL receipt,2026-10-03,pending,thechoicervoicer-20261002-15-gsc-urls-v1; production canonical verified
thechoicervoicer.me,https://thechoicervoicer.me/zh/trailer-narration-exercises/,2026-10-02,blocked-not-attempted,,0,Helper queued; Chrome executor connection unavailable; no per-URL receipt,2026-10-03,pending,thechoicervoicer-20261002-15-gsc-urls-v1; production canonical verified
thechoicervoicer.me,https://thechoicervoicer.me/zh/voice-acting-plosive-exercises/,2026-10-02,blocked-not-attempted,,0,Helper queued; Chrome executor connection unavailable; no per-URL receipt,2026-10-03,pending,thechoicervoicer-20261002-15-gsc-urls-v1; production canonical verified
thechoicervoicer.me,https://thechoicervoicer.me/zh/voice-acting-sibilance-exercises/,2026-10-02,blocked-not-attempted,,0,Helper queued; Chrome executor connection unavailable; no per-URL receipt,2026-10-03,pending,thechoicervoicer-20261002-15-gsc-urls-v1; production canonical verified
thechoicervoicer.me,https://thechoicervoicer.me/zh/voice-over-pickup-exercises/,2026-10-02,blocked-not-attempted,,0,Helper queued; Chrome executor connection unavailable; no per-URL receipt,2026-10-03,pending,thechoicervoicer-20261002-15-gsc-urls-v1; production canonical verified
thechoicervoicer.me,https://thechoicervoicer.me/zh/voicemail-greeting-voice-exercises/,2026-10-02,blocked-not-attempted,,0,Helper queued; Chrome executor connection unavailable; no per-URL receipt,2026-10-03,pending,thechoicervoicer-20261002-15-gsc-urls-v1; production canonical verified
