batch_date,slot,replacement_rank,keyword,parent_keyword,planned_url,country,volume,volume_source,kd,competition_source,intent,priority,page_status,gefei_status,ahrefs_status,selection_state,technical_score,content_score,failed_checks,revision_count,gsc_status,google_status,bing_status,indexnow_status,ga4_status,next_review,notes
2026-08-31,0,,the choicer voicer online,the choicer voicer,/,US,1260,GSC impressions; supplemental screenshot intent-cluster total,,GSC,brand-play,P0,existing,not required,默认跳过（用户未要求）,homepage owner,,,,0,existing URL,existing URL,existing URL,not required,implemented,2026-09-07,"Supplemental screenshot: 19 brand/online/free/misspelling queries, 1,260 impressions and 74 clicks; screenshot date range unavailable; do not add to the earlier snapshot; homepage owns the intent"
2026-08-31,0,,voice choicer,the choicer voicer,/,US,150,GSC impressions,,GSC,brand variant,P0,existing,not required,默认跳过（用户未要求）,merged,,,,0,existing URL,existing URL,existing URL,not required,implemented,2026-09-07,Reverse-order brand query merged to homepage
2026-08-31,0,,the choicer voice,the choicer voicer,/,US,100,GSC impressions,,GSC,brand misspelling,P0,existing,not required,默认跳过（用户未要求）,merged,,,,0,existing URL,existing URL,existing URL,not required,implemented,2026-09-07,Misspelling merged to homepage
2026-08-31,1,,voice imitation game,voice imitation game,/games/,US,1322,GSC impressions; supplemental screenshot intent-cluster total,17.1,Web.Cafe,playable game,P0,production,completed,默认跳过（用户未要求）,selected,60/60,35/35,19,0,needs recheck,unknown,needs recheck,HTTP 200,page_view HTTP 204; Realtime needs recheck,2026-09-01,"Strict score 95/100; live deploy 4bba487; supplemental screenshot: 22 game/online/free/voice-imitation/localized variants, 1,322 impressions and 43 clicks; date range unavailable; covered by live /games/; do not create duplicate variant pages"
2026-08-31,2,,the choicer voicer app,the choicer voicer app,/app/,US,89,GSC impressions; supplemental screenshot intent-cluster total,36.5,Web.Cafe,browser app,P0,production,completed,默认跳过（用户未要求）,selected,60/60,35/35,19,0,needs recheck,unknown,needs recheck,HTTP 200,page_view HTTP 204; Realtime needs recheck,2026-09-01,"Strict score 95/100; live deploy 4bba487; supplemental screenshot: three app/domain/misspelling variants, 89 impressions and 10 clicks; date range unavailable; covered by live /app/; browser edition avoids fake native download claims"
2026-08-31,3,,how to play the choicer voicer,how to play the choicer voicer,/how-to-play/,US,1,GSC impressions; supplemental screenshot intent-cluster total,17.1,Web.Cafe,how-to,P0,production,completed,默认跳过（用户未要求）,selected,60/60,35/35,19,0,needs recheck,unknown,needs recheck,HTTP 200,page_view HTTP 204; Realtime needs recheck,2026-09-01,"Strict score 95/100; live deploy 4bba487; supplemental screenshot: one how-to spelling variant with one impression; covered by live /how-to-play/; HowTo schema and complete four-step walkthrough"
2026-08-31,4,,the choicer voicer mobile,the choicer voicer mobile,/mobile/,US,unavailable,Web.Cafe,23.8,Web.Cafe,mobile troubleshooting,P0,production,completed,默认跳过（用户未要求）,selected,60/60,35/35,19,0,needs recheck,unknown,needs recheck,HTTP 200,page_view HTTP 204; Realtime needs recheck,2026-09-01,"Strict score 95/100; live deploy 4bba487; iPhone/iPad/Android browser setup; no APK claim"
2026-08-31,5,,choicer voicer voice packs,choicer voicer voice packs,/voice-packs/,US,unavailable,Web.Cafe,47.9,Web.Cafe,content pack guide,P0,production,completed,默认跳过（用户未要求）,selected,60/60,35/35,19,0,needs recheck,unknown,needs recheck,HTTP 200,page_view HTTP 204; Realtime needs recheck,2026-09-01,"Strict score 95/100; live deploy 4bba487; documents all 16 shipped scenes and pack boundaries"
2026-09-01,5,,choicer voicer multiplayer,choicer voicer multiplayer,/multiplayer/,US,3,GSC impressions; supplemental screenshot intent-cluster total,60.4,Web.Cafe,local multiplayer guide,P0,building,completed,默认跳过（用户未要求）,selected,,,,0,not requested,unknown,not submitted,not submitted,not checked,2026-09-02,"Today slot 5; 2–4 players on one device only; page must explicitly say no remote lobby; saved Web.Cafe result reused"
2026-09-01,4,,the choicer voicer gameplay,the choicer voicer gameplay,/gameplay/,US,unavailable,Web.Cafe,37.5,Web.Cafe,gameplay mechanics,P0,building,completed,默认跳过（用户未要求）,selected,,,,0,not requested,unknown,not submitted,not submitted,not checked,2026-09-02,"Today slot 4; distinct from setup tutorial by focusing on the four-scene loop, scoring and strategy; saved Web.Cafe result reused"
2026-08-31,,3,choicer voicer free,choicer voicer free,/free/,US,4550,Web.Cafe,24.3,Web.Cafe,free play,P1,deferred,completed,默认跳过（用户未要求）,replacement,,,,0,not submitted,not submitted,not submitted,not submitted,not applicable,2026-09-07,Homepage already owns free/online intent
2026-08-31,,,choicer voicer packs,choicer voicer voice packs,/voice-packs/,US,548300,screenshot metric,,Screenshot 1,content pack guide,P1,merged,covered,默认跳过（用户未要求）,merged,,,,0,pending,pending,pending,pending,implemented,2026-09-07,Screenshot metric is not treated as verified Google volume
2026-08-31,,,choicer voicer game,voice imitation game,/games/,US,427900,screenshot metric,,Screenshot 1,playable game,P1,merged,covered,默认跳过（用户未要求）,merged,,,,0,pending,pending,pending,pending,implemented,2026-09-07,Screenshot metric is not treated as verified Google volume
2026-08-31,,,choicer voicer tutorial,how to play the choicer voicer,/how-to-play/,US,7200,screenshot metric,,Screenshot 2,how-to,P1,merged,covered,默认跳过（用户未要求）,merged,,,,0,pending,pending,pending,pending,implemented,2026-09-07,Tutorial and how-to variants share one canonical
2026-08-31,,,choicer voicer dub packs,choicer voicer voice packs,/voice-packs/,US,125300,screenshot metric,,Screenshot 1,third-party packs,P2,limited coverage,not queried,默认跳过（用户未要求）,risk-isolated,,,,0,pending,pending,pending,pending,implemented,2026-09-07,Current page explains only the verified bundled pack
2026-08-31,,,choicer voicer download,download,,US,55300,screenshot metric,,Screenshot 1,native download,P3,rejected,not queried,默认跳过（用户未要求）,dropped,,,,0,not submitted,not submitted,not submitted,not submitted,not applicable,2026-09-07,No native download exists
2026-08-31,,,choicer voicer apk,download,,US,17400,screenshot metric,,Screenshot 1,APK download,P3,rejected,not queried,默认跳过（用户未要求）,dropped,,,,0,not submitted,not submitted,not submitted,not submitted,not applicable,2026-09-07,No APK exists
2026-08-31,,,choicer voicer crack,piracy,,US,23900,screenshot metric,,Screenshot 1,piracy,P3,rejected,not queried,默认跳过（用户未要求）,dropped,,,,0,not submitted,not submitted,not submitted,not submitted,not applicable,2026-09-07,Piracy and safety risk
2026-08-31,,,the choicer voicer steam,unsupported platform,,US,70400,screenshot metric,,Screenshot 1,Steam,P3,rejected,not queried,默认跳过（用户未要求）,dropped,,,,0,not submitted,not submitted,not submitted,not submitted,not applicable,2026-09-07,No Steam product exists
2026-08-31,,,the choicer voicer español,localization,,US,7600,screenshot metric,,Screenshot 2,Spanish localization,P2,deferred,not queried,默认跳过（用户未要求）,observe,,,,0,not submitted,not submitted,not submitted,not submitted,not applicable,2026-09-07,Build only after real Spanish localization is available
2026-09-01,1,,the choicer voicer mic not working,the choicer voicer,/microphone-not-working/,US,3500,screenshot metric,25.1,Web.Cafe,microphone troubleshooting,P0,building,completed,默认跳过（用户未要求）,selected,,,,0,not requested,unknown,not submitted,not submitted,not checked,2026-09-02,"Screenshot metric is not verified search volume; Web.Cafe found forum-heavy SERP and a weak dedicated result; page covers browser-specific fixes without claiming desktop-version fixes"
2026-09-01,2,,is the choicer voicer safe,the choicer voicer,/is-it-safe/,US,6200,screenshot metric,33.6,Web.Cafe,safety and privacy guide,P0,building,completed,默认跳过（用户未要求）,selected,,,,0,not requested,unknown,not submitted,not submitted,not checked,2026-09-02,"Screenshot metric is not verified search volume; answer is scoped to thechoicervoicer.me and must disclose microphone locality, Analytics consent, Adsterra and third-party links"
2026-09-01,3,,the choicer voicer alternative,the choicer voicer,/alternatives/,US,4200,screenshot metric,29.7,Web.Cafe,alternative comparison,P0,building,completed,默认跳过（用户未要求）,selected,,,,0,not requested,unknown,not submitted,not submitted,not checked,2026-09-02,"Screenshot metric is not verified search volume; compare browser play, voice warm-ups and party prompts without copying protected products or implying endorsement"
2026-09-01,,1,where to play the choicer voicer,the choicer voicer,/where-to-play/,US,8600,screenshot metric,31.5,Web.Cafe,navigational guide,P1,deferred,completed,默认跳过（用户未要求）,replacement,,,,0,not requested,unknown,not submitted,not submitted,not applicable,2026-09-07,"Replacement 1; overlaps homepage and /app/ so it is not built unless a primary becomes infeasible"
2026-09-01,,2,the choicer voicer demo,the choicer voicer,/demo/,US,4600,screenshot metric,36.7,Web.Cafe,demo access,P1,deferred,completed,默认跳过（用户未要求）,replacement,,,,0,not requested,unknown,not submitted,not submitted,not applicable,2026-09-07,"Replacement 2; homepage and /games/ already provide a complete playable experience"
2026-09-01,,3,the choicer voicer browser,the choicer voicer,/browser/,US,unavailable,Web.Cafe,44.8,Web.Cafe,browser compatibility,P1,deferred,completed,默认跳过（用户未要求）,replacement,,,,0,not requested,unknown,not submitted,not submitted,not applicable,2026-09-07,"Replacement 3; overlaps /app/ and /mobile/ and needs stronger query separation"
